client_id,client_type,gender,country,region,age,acquisition_purpose,satisfaction_score,loan_applied,referral_channel,total_spend,units_bought,avg_area_sqft,cluster_id,segment
C0001,Individual,F,Usa,California,55,Home,4,Yes,Website,1246764.72,4,983.885,1,C1 — Global Investors
C0002,Individual,M,Usa,California,61,Home,1,No,Website,1841095.9300000002,5,1187.942,2,C1 — Global Investors
C0003,Individual,M,Usa,California,64,Home,4,Yes,Agency,1661457.5899999999,5,1058.1100000000001,2,C1 — Global Investors
C0004,Individual,M,Usa,California,64,Home,5,No,Website,1608263.51,6,937.1033333333334,2,C1 — Global Investors
C0005,Company,M,Usa,California,47,Investment,5,No,Website,3653385.38,13,927.2961538461539,2,C1 — Global Investors
C0006,Individual,M,Usa,California,66,Home,3,Yes,Website,1514131.06,5,989.5899999999999,2,C1 — Global Investors
C0007,Individual,M,Canada,Quebec,76,Investment,5,No,Website,3251147.83,11,995.6936363636363,2,C1 — Global Investors
C0008,Individual,F,Usa,California,54,Home,5,No,Website,1476730.4100000001,5,1031.106,2,C1 — Global Investors
C0009,Individual,M,Usa,California,48,Investment,5,No,Agency,1820832.35,5,1305.644,2,C1 — Global Investors
C0010,Individual,M,Usa,Oregon,57,Investment,3,No,Agency,1732434.0,5,1140.206,2,C1 — Global Investors
C0011,Individual,F,Usa,California,67,Home,2,Yes,Website,1325211.52,5,935.914,0,C1 — Global Investors
C0012,Company,M,Usa,California,48,Investment,5,No,Website,1599526.4,4,1317.445,3,C3 — Corporate Buyers
C0013,Individual,M,Usa,California,61,Home,1,Yes,Website,2142750.89,5,1407.376,2,C1 — Global Investors
C0014,Company,M,Usa,California,43,Home,3,Yes,Website,1548140.0699999998,4,1280.5425,3,C3 — Corporate Buyers
C0015,Individual,F,Usa,California,82,Home,5,No,Client,1585907.37,5,1030.764,2,C1 — Global Investors
C0016,Individual,F,Usa,California,84,Investment,5,No,Website,1010217.73,4,842.145,1,C1 — Global Investors
C0017,Individual,M,Usa,Arizona,46,Home,3,No,Client,1778693.75,5,1195.8139999999999,2,C1 — Global Investors
C0018,Individual,M,Usa,California,56,Home,2,Yes,Agency,1061478.67,4,913.8325,1,C1 — Global Investors
C0019,Individual,M,Usa,California,66,Home,5,Yes,Client,1773474.26,4,1402.0425,2,C1 — Global Investors
C0020,Individual,F,Usa,California,56,Home,5,No,Website,1508032.25,4,1307.08,2,C1 — Global Investors
C0021,Individual,M,Usa,Oregon,85,Investment,3,No,Website,1928172.72,6,1028.86,2,C1 — Global Investors
C0022,Individual,M,Germany,Berlin,57,Investment,5,No,Agency,1372403.2,4,1247.4850000000001,1,C1 — Global Investors
C0023,Individual,M,Usa,California,65,Home,3,Yes,Website,1457871.69,5,948.3880000000001,2,C1 — Global Investors
C0024,Individual,M,Usa,California,60,Investment,4,No,Website,1884156.9000000001,6,1053.735,2,C1 — Global Investors
C0025,Individual,M,Usa,Nevada,86,Home,2,Yes,Website,1694448.83,5,1120.576,2,C1 — Global Investors
C0026,Individual,M,Usa,California,61,Investment,5,No,Website,2932241.75,10,1002.383,2,C1 — Global Investors
C0027,Individual,M,Usa,California,55,Home,5,Yes,Website,1517969.44,5,1070.234,2,C1 — Global Investors
C0028,Individual,F,Usa,California,65,Home,3,No,Client,1791082.79,5,1266.366,2,C1 — Global Investors
C0029,Individual,F,Usa,Colorado,47,Home,4,Yes,Agency,1247795.31,4,993.05,0,C1 — Global Investors
C0030,Individual,F,Usa,Nevada,71,Home,3,No,Website,1547311.29,4,1279.3725,2,C1 — Global Investors
C0031,Individual,M,Usa,Nevada,46,Home,4,Yes,Website,1077148.21,5,677.3399999999999,0,C1 — Global Investors
C0032,Individual,M,Usa,California,57,Home,4,No,Website,1888995.1600000001,5,1282.528,2,C1 — Global Investors
C0033,Individual,F,Usa,California,55,Home,3,Yes,Website,1404998.67,4,1250.4325,0,C1 — Global Investors
C0034,Individual,F,Belgium,Brussels,54,Home,2,No,Agency,1632608.66,5,1160.556,2,C1 — Global Investors
C0035,Individual,M,Mexico,Mexico City,58,Home,3,No,Agency,1987876.4,5,1445.752,2,C1 — Global Investors
C0036,Individual,M,Usa,California,50,Home,4,No,Website,1173683.53,4,963.325,1,C1 — Global Investors
C0037,Individual,F,Usa,California,61,Home,5,Yes,Website,1607228.75,5,1018.368,2,C1 — Global Investors
C0038,Individual,F,Usa,California,49,Investment,4,No,Client,1175129.27,4,1105.1225,0,C1 — Global Investors
C0039,Individual,F,Russia,Krasnodar Krai,56,Home,1,No,Agency,1858527.54,4,1365.68,2,C1 — Global Investors
C0040,Individual,M,Usa,Nevada,48,Home,5,No,Website,1854608.29,6,1047.8,2,C1 — Global Investors
C0041,Individual,M,Usa,Arizona,56,Home,1,Yes,Website,1374460.79,5,872.838,0,C1 — Global Investors
C0042,Individual,F,Usa,Utah,48,Home,1,Yes,Website,1101390.25,4,913.8425,0,C1 — Global Investors
C0043,Individual,M,Usa,Nevada,58,Investment,3,Yes,Website,1126492.46,4,983.505,1,C1 — Global Investors
C0044,Individual,F,Usa,Arizona,92,Home,3,No,Website,1330493.26,4,1106.8675,1,C1 — Global Investors
C0045,Individual,M,Usa,Colorado,55,Investment,2,No,Agency,1463432.3599999999,5,913.774,1,C1 — Global Investors
C0046,Individual,F,Usa,California,59,Home,5,No,Client,2026517.4,8,857.8050000000001,2,C1 — Global Investors
C0047,Individual,M,Usa,Colorado,53,Home,2,No,Agency,1438239.28,5,953.568,1,C1 — Global Investors
C0048,Individual,M,Usa,California,66,Home,3,Yes,Agency,1338718.0,4,1026.3200000000002,1,C1 — Global Investors
C0049,Individual,F,Usa,California,52,Home,1,No,Website,1390091.2,4,1204.3675,1,C1 — Global Investors
C0050,Individual,M,Usa,California,83,Home,5,No,Website,2744452.35,9,993.5088888888889,2,C1 — Global Investors
C0051,Individual,F,Usa,Colorado,82,Home,3,No,Agency,1270440.42,4,1039.56,1,C1 — Global Investors
C0052,Individual,F,Usa,Oregon,56,Investment,2,No,Client,1474211.53,4,1187.925,1,C1 — Global Investors
C0053,Individual,M,Usa,Arizona,69,Home,4,No,Agency,1120539.44,4,929.245,1,C1 — Global Investors
C0054,Company,M,Usa,Nevada,56,Investment,5,No,Website,2109277.6,6,1115.6333333333334,3,C3 — Corporate Buyers
C0055,Individual,F,Usa,California,50,Home,5,Yes,Agency,1178979.21,4,989.8299999999999,1,C1 — Global Investors
C0056,Individual,M,Usa,Oregon,59,Investment,5,No,Agency,1579301.3599999999,4,1355.5975,2,C1 — Global Investors
C0057,Individual,M,Usa,California,90,Home,4,Yes,Agency,2020519.52,5,1344.1439999999998,2,C1 — Global Investors
C0058,Company,F,Usa,California,54,Investment,1,Yes,Website,1441406.17,5,919.8399999999999,3,C3 — Corporate Buyers
C0059,Individual,M,Usa,California,63,Home,2,No,Website,1278854.25,4,1102.44,0,C1 — Global Investors
C0060,Individual,F,Usa,California,51,Home,5,No,Website,1355662.25,4,1119.4675,1,C1 — Global Investors
C0061,Individual,M,Usa,Utah,56,Home,5,No,Agency,1306907.58,4,1101.62,1,C1 — Global Investors
C0062,Individual,M,Usa,California,49,Home,5,Yes,Client,1489333.49,5,1059.8319999999999,2,C1 — Global Investors
C0063,Individual,F,Usa,Arizona,81,Home,4,No,Website,1625480.88,5,1112.538,2,C1 — Global Investors
C0064,Individual,M,Uk,Northern Ireland,49,Investment,4,No,Agency,1448881.28,4,1095.85,1,C1 — Global Investors
C0065,Individual,M,Usa,California,51,Home,1,No,Agency,1557125.73,4,1261.5275,2,C1 — Global Investors
C0066,Individual,F,Usa,California,49,Investment,3,No,Client,1107164.17,4,932.7550000000001,0,C1 — Global Investors
C0067,Individual,M,Usa,California,46,Home,2,No,Website,1431941.84,5,851.818,0,C1 — Global Investors
C0068,Individual,F,Usa,Colorado,57,Home,5,Yes,Agency,1572779.33,4,1450.2925,2,C1 — Global Investors
C0069,Individual,M,Usa,California,53,Investment,4,No,Website,1439142.47,5,957.588,1,C1 — Global Investors
C0070,Individual,F,Usa,Arizona,76,Home,4,Yes,Website,1521570.62,5,1039.274,2,C1 — Global Investors
C0071,Individual,M,Usa,California,38,Home,1,Yes,Client,1150384.09,5,833.3799999999999,1,C1 — Global Investors
C0072,Individual,M,Usa,Nevada,70,Investment,2,No,Website,2246488.58,6,1129.4916666666666,2,C1 — Global Investors
C0073,Individual,F,Denmark,Capital Region,58,Investment,1,No,Agency,1413902.33,4,1194.0325,1,C1 — Global Investors
C0074,Individual,F,Usa,Oregon,64,Investment,5,No,Client,1709458.65,5,1138.044,2,C1 — Global Investors
C0075,Individual,F,Usa,California,53,Home,3,No,Website,1269395.74,4,1048.3425,0,C1 — Global Investors
C0076,Individual,M,Usa,California,67,Home,5,No,Agency,1905852.0899999999,6,1067.28,2,C1 — Global Investors
C0077,Individual,M,Usa,California,43,Home,5,No,Website,1880012.18,5,1191.826,2,C1 — Global Investors
C0078,Individual,F,Usa,California,75,Home,5,No,Website,1685882.3900000001,4,1415.63,2,C1 — Global Investors
C0079,Individual,M,Belgium,Brussels,69,Investment,4,No,Website,1456436.3,4,1219.0675,0,C1 — Global Investors
C0080,Individual,F,Usa,California,74,Investment,3,No,Website,1427531.56,5,965.024,1,C1 — Global Investors
C0081,Individual,F,Usa,California,80,Home,4,Yes,Website,1522144.26,4,1252.745,2,C1 — Global Investors
C0082,Individual,F,Usa,Virginia,42,Investment,5,No,Client,1282267.95,5,884.2239999999999,1,C1 — Global Investors
C0083,Individual,M,Usa,California,85,Home,5,No,Website,1513641.46,6,851.395,2,C1 — Global Investors
C0084,Individual,M,Usa,Wyoming,75,Home,3,No,Agency,1762231.92,5,1083.6119999999999,2,C1 — Global Investors
C0085,Individual,M,Usa,California,57,Home,4,Yes,Agency,1185505.46,4,986.395,1,C1 — Global Investors
C0086,Individual,F,Usa,California,55,Home,3,Yes,Website,1928188.6099999999,5,1354.634,2,C1 — Global Investors
C0087,Individual,F,Usa,California,44,Home,4,No,Agency,1681153.28,4,1287.6625,2,C1 — Global Investors
C0088,Individual,M,Usa,Oregon,87,Investment,2,No,Website,1450519.57,6,786.9733333333334,0,C1 — Global Investors
C0089,Individual,M,Usa,California,74,Home,3,No,Agency,1041853.81,4,854.79,1,C1 — Global Investors
C0090,Individual,M,Usa,California,41,Home,5,No,Client,980850.4199999999,5,703.798,1,C1 — Global Investors
C0091,Individual,F,Usa,California,64,Home,4,No,Website,1356644.74,4,1161.6775,1,C1 — Global Investors
C0092,Individual,M,Usa,Kansas,52,Home,3,No,Website,2817926.96,8,1218.0425,2,C1 — Global Investors
C0093,Individual,M,Usa,California,61,Home,2,No,Agency,1732558.38,5,1196.466,2,C1 — Global Investors
C0094,Individual,F,Usa,California,75,Home,5,No,Website,1062675.82,5,692.664,0,C1 — Global Investors
C0095,Individual,M,Usa,California,59,Home,3,Yes,Agency,1668973.02,6,923.105,2,C1 — Global Investors
C0096,Individual,M,Usa,California,38,Investment,3,Yes,Website,1363013.17,4,1113.615,1,C1 — Global Investors
C0097,Individual,M,Usa,Virginia,80,Home,5,Yes,Website,2189906.04,7,1061.722857142857,2,C1 — Global Investors
C0098,Individual,F,Russia,Saint Petersburg,74,Home,3,Yes,Agency,1131592.65,4,981.955,1,C1 — Global Investors
C0099,Individual,M,Usa,California,82,Investment,4,No,Website,2000308.58,6,1201.5883333333334,2,C1 — Global Investors
C0100,Individual,M,Usa,California,54,Home,3,No,Website,1449544.65,4,1174.44,2,C1 — Global Investors
C0101,Individual,F,Usa,Nevada,72,Home,3,No,Website,1125013.8,4,874.345,0,C1 — Global Investors
C0102,Individual,M,Usa,California,76,Investment,5,Yes,Website,3403263.85,9,1222.908888888889,2,C1 — Global Investors
C0103,Individual,M,Usa,Colorado,50,Home,3,No,Website,1483838.77,5,964.9799999999999,2,C1 — Global Investors
C0104,Individual,M,Usa,California,45,Home,5,No,Website,1677155.01,5,1090.3,2,C1 — Global Investors
C0105,Individual,F,Usa,California,64,Investment,2,Yes,Website,1328084.36,5,850.948,0,C1 — Global Investors
C0106,Individual,M,Usa,Colorado,70,Home,4,No,Website,957679.27,4,820.9825000000001,1,C1 — Global Investors
C0107,Individual,M,Usa,California,64,Home,4,Yes,Agency,1715058.23,5,1102.66,2,C1 — Global Investors
C0108,Individual,M,Usa,California,65,Home,4,No,Agency,1998798.72,6,1104.1699999999998,2,C1 — Global Investors
C0109,Individual,F,Usa,California,90,Investment,5,Yes,Agency,1995551.0899999999,5,1285.854,2,C1 — Global Investors
C0110,Individual,F,Usa,California,64,Investment,5,Yes,Agency,1205555.46,5,811.4019999999999,1,C1 — Global Investors
C0111,Individual,M,Usa,Arizona,44,Home,2,Yes,Website,1198421.22,4,896.7175,1,C1 — Global Investors
C0112,Individual,F,Usa,California,63,Investment,1,Yes,Agency,1775142.2,5,1115.986,2,C1 — Global Investors
C0113,Individual,M,Usa,Utah,74,Investment,4,No,Agency,1414433.46,4,1186.715,1,C1 — Global Investors
C0114,Individual,F,Usa,California,61,Home,1,Yes,Website,1124004.05,4,932.9449999999999,1,C1 — Global Investors
C0115,Individual,F,Usa,California,45,Home,5,No,Agency,1757354.59,5,1143.692,2,C1 — Global Investors
C0116,Individual,F,Usa,California,68,Investment,4,No,Website,2484590.08,8,1039.8925,2,C1 — Global Investors
C0117,Individual,M,Uk,Scotland,59,Investment,4,No,Agency,2884556.25,8,1135.78625,2,C1 — Global Investors
C0118,Individual,F,Usa,Oregon,75,Investment,5,No,Agency,1218377.19,4,1009.1225,0,C1 — Global Investors
C0119,Individual,F,Usa,California,81,Home,1,Yes,Website,1603043.92,4,1399.315,2,C1 — Global Investors
C0120,Individual,F,Usa,California,70,Home,4,Yes,Website,1753587.39,5,1243.96,2,C1 — Global Investors
C0121,Individual,M,Usa,Nevada,73,Home,2,No,Website,1169150.31,5,806.688,1,C1 — Global Investors
C0122,Individual,F,Usa,California,50,Home,1,Yes,Agency,1412560.68,4,1085.975,1,C1 — Global Investors
C0123,Individual,F,Usa,California,61,Home,4,Yes,Website,1821348.69,5,1230.6599999999999,2,C1 — Global Investors
C0124,Individual,F,Usa,California,60,Home,4,No,Agency,1613985.08,5,1184.6299999999999,2,C1 — Global Investors
C0125,Individual,M,Usa,Colorado,47,Home,4,Yes,Agency,1341108.25,4,1148.5475,0,C1 — Global Investors
C0126,Individual,F,Usa,California,51,Investment,2,No,Agency,1319929.46,5,850.052,0,C1 — Global Investors
C0127,Individual,M,Usa,Nevada,49,Home,2,Yes,Website,967474.23,4,765.085,1,C1 — Global Investors
C0128,Company,M,Usa,Nevada,60,Investment,5,Yes,Website,1639392.9500000002,5,1054.034,3,C3 — Corporate Buyers
C0129,Individual,M,Usa,Arizona,50,Investment,5,No,Website,1748372.75,4,1296.9850000000001,2,C1 — Global Investors
C0130,Individual,M,Usa,Nevada,64,Home,3,Yes,Website,1488042.88,4,1215.035,2,C1 — Global Investors
C0131,Individual,M,Usa,California,52,Home,1,No,Website,1428058.5499999998,5,928.7940000000001,1,C1 — Global Investors
C0132,Individual,M,Usa,Nevada,58,Home,1,Yes,Agency,1203775.04,4,1025.1775,1,C1 — Global Investors
C0133,Individual,M,Usa,California,77,Investment,4,No,Agency,1449799.93,4,1177.4025000000001,1,C1 — Global Investors
C0134,Individual,F,Russia,Novosibirsk,91,Investment,3,No,Website,1761669.8699999999,5,1095.602,2,C1 — Global Investors
C0135,Individual,M,Usa,Utah,84,Investment,2,No,Agency,1221442.92,4,1043.6100000000001,0,C1 — Global Investors
C0136,Individual,M,Usa,California,50,Home,3,No,Website,1892554.72,5,1244.274,2,C1 — Global Investors
C0137,Individual,F,Usa,California,66,Home,3,Yes,Website,989750.45,4,855.0699999999999,0,C1 — Global Investors
C0138,Individual,F,Usa,Oregon,84,Investment,3,Yes,Website,1367824.55,5,914.412,0,C1 — Global Investors
C0139,Individual,F,Usa,California,54,Home,5,Yes,Website,1807366.3,5,1136.694,2,C1 — Global Investors
C0140,Individual,F,Usa,California,71,Home,3,No,Website,1559561.53,5,1041.7220000000002,2,C1 — Global Investors
C0141,Individual,F,Usa,California,37,Home,5,No,Website,1765019.09,5,1088.806,2,C1 — Global Investors
C0142,Individual,F,Usa,Nevada,45,Home,3,Yes,Website,1673770.19,5,1149.396,2,C1 — Global Investors
C0143,Individual,M,Usa,California,65,Home,1,No,Website,2389960.3,8,1008.6325,2,C1 — Global Investors
C0144,Individual,M,Usa,California,69,Home,4,No,Agency,1897739.74,5,1206.354,2,C1 — Global Investors
C0145,Individual,F,Usa,California,59,Home,4,No,Website,1746571.55,5,1297.3200000000002,2,C1 — Global Investors
C0146,Individual,M,Usa,Colorado,60,Home,2,No,Website,1481536.3900000001,4,1242.6425,2,C1 — Global Investors
C0147,Individual,M,Usa,Utah,75,Home,4,No,Client,1398309.27,5,1000.47,0,C1 — Global Investors
C0148,Individual,M,Usa,Colorado,54,Investment,4,Yes,Agency,1700383.7,4,1413.5925,2,C1 — Global Investors
C0149,Individual,M,Russia,Krasnodar Krai,68,Investment,3,No,Agency,1049009.0,4,906.4850000000001,0,C1 — Global Investors
C0150,Individual,M,Usa,California,55,Home,2,Yes,Website,1846066.58,4,1500.95,2,C1 — Global Investors
C0151,Individual,F,Usa,Oregon,47,Home,1,No,Agency,1589086.32,5,1123.442,2,C1 — Global Investors
C0152,Individual,F,Usa,California,56,Investment,2,Yes,Agency,2539205.93,7,1212.7585714285713,2,C1 — Global Investors
C0153,Individual,F,Usa,California,40,Home,5,No,Website,1560375.26,5,944.0319999999999,2,C1 — Global Investors
C0154,Individual,F,Usa,California,58,Home,4,Yes,Agency,2142457.31,5,1390.49,2,C1 — Global Investors
C0155,Company,M,Usa,California,48,Investment,5,No,Agency,1622885.53,5,1097.394,3,C3 — Corporate Buyers
C0156,Individual,F,Usa,California,57,Home,5,No,Website,1344903.47,4,1102.105,0,C1 — Global Investors
C0157,Individual,M,Usa,Colorado,71,Home,2,Yes,Client,1060400.03,4,830.7675,1,C1 — Global Investors
C0158,Individual,F,Usa,Virginia,44,Investment,3,Yes,Agency,1439477.66,4,1131.4975,0,C1 — Global Investors
C0159,Individual,M,Usa,California,81,Home,3,No,Website,1596507.45,4,1336.7325,2,C1 — Global Investors
C0160,Individual,F,Usa,California,64,Home,4,No,Website,1679716.96,5,1144.06,2,C1 — Global Investors
C0161,Individual,M,Usa,California,72,Home,5,No,Website,2534264.26,9,939.4144444444444,2,C1 — Global Investors
C0162,Individual,M,Usa,California,70,Home,4,No,Website,1135363.52,4,983.24,0,C1 — Global Investors
C0163,Individual,M,Usa,Utah,37,Investment,5,Yes,Agency,1506594.21,4,1307.32,0,C1 — Global Investors
C0164,Individual,M,Usa,Arizona,37,Home,5,No,Website,1436152.54,4,1196.7975,1,C1 — Global Investors
C0165,Individual,F,Usa,California,67,Home,3,Yes,Website,1276849.33,3,1357.1933333333334,1,C1 — Global Investors
C0166,Individual,F,Usa,Arizona,39,Home,4,Yes,Agency,1273643.37,4,1025.3225,1,C1 — Global Investors
C0167,Individual,F,Uk,Scotland,68,Home,3,Yes,Website,2749577.33,7,1320.3814285714286,2,C1 — Global Investors
C0168,Individual,F,Usa,Nevada,63,Home,3,No,Agency,1491785.87,4,1329.6025,2,C1 — Global Investors
C0169,Individual,M,Usa,Ohio,33,Investment,5,Yes,Agency,688864.2,3,845.8633333333333,0,C1 — Global Investors
C0170,Individual,M,Usa,California,74,Home,5,No,Website,1161316.17,3,1339.7466666666667,1,C1 — Global Investors
C0171,Individual,F,Usa,Washington,32,Investment,5,Yes,Client,1278753.71,4,1070.72,1,C1 — Global Investors
C0172,Individual,F,Usa,Washington,31,Home,1,Yes,Agency,1681471.9100000001,4,1572.79,2,C1 — Global Investors
C0173,Individual,F,Usa,Arizona,47,Home,5,Yes,Agency,2619968.43,8,1074.5925,2,C1 — Global Investors
C0174,Individual,F,Usa,California,41,Investment,3,No,Client,865359.73,3,869.7866666666667,1,C1 — Global Investors
C0175,Individual,M,Usa,Washington,61,Home,5,No,Agency,1606138.1199999999,4,1313.38,2,C1 — Global Investors
C0176,Individual,F,Usa,California,30,Home,2,No,Website,2681927.91,6,1514.8,2,C1 — Global Investors
C0177,Individual,F,Uk,England,72,Home,5,Yes,Website,2269897.21,7,1160.9514285714286,2,C1 — Global Investors
C0178,Individual,F,Usa,Virginia,71,Home,4,No,Agency,2665917.96,7,1284.9985714285715,2,C1 — Global Investors
C0179,Individual,F,Usa,Oregon,37,Investment,2,No,Website,2131372.11,8,947.5450000000001,2,C1 — Global Investors
C0180,Individual,M,Usa,California,80,Home,2,Yes,Agency,2660292.37,7,1249.51,2,C1 — Global Investors
C0181,Individual,M,Usa,Texas,53,Home,2,Yes,Website,2047189.62,7,974.1771428571428,2,C1 — Global Investors
C0182,Individual,F,Germany,North Rhine-Westphalia,52,Investment,1,Yes,Website,3082362.35,8,1246.94625,2,C1 — Global Investors
C0183,Individual,M,Usa,Nevada,35,Home,3,No,Website,1883106.92,7,907.1042857142857,2,C1 — Global Investors
C0184,Individual,M,Usa,Florida,29,Home,1,No,Website,2618938.16,6,1481.7150000000001,2,C1 — Global Investors
C0185,Individual,F,Usa,Nevada,78,Home,4,Yes,Agency,2491911.81,7,1137.2942857142857,2,C1 — Global Investors
C0186,Individual,F,Usa,Virginia,41,Home,1,No,Website,2674286.63,8,1100.27125,2,C1 — Global Investors
C0187,Individual,F,Usa,Florida,33,Home,1,No,Website,2066651.1400000001,6,1135.37,2,C1 — Global Investors
C0188,Individual,M,Usa,Oregon,83,Home,5,Yes,Website,2891447.6,7,1263.962857142857,2,C1 — Global Investors
C0189,Individual,F,Usa,California,65,Home,2,No,Agency,2209659.42,7,1024.6857142857143,2,C1 — Global Investors
C0190,Individual,F,Usa,California,52,Home,2,No,Website,2276701.17,7,1049.1542857142856,2,C1 — Global Investors
C0191,Individual,F,Usa,Florida,46,Home,3,No,Agency,2172926.7600000002,8,913.8512499999999,2,C1 — Global Investors
C0192,Individual,F,Belgium,Brussels,39,Investment,2,Yes,Website,2900509.0999999996,7,1304.7214285714288,2,C1 — Global Investors
C0193,Individual,F,Usa,California,55,Investment,4,Yes,Website,1933778.2399999998,7,962.7214285714286,2,C1 — Global Investors
C0194,Individual,M,France,Ile-De-France,70,Home,5,Yes,Website,2759372.27,7,1237.292857142857,2,C1 — Global Investors
C0195,Individual,M,Usa,California,76,Home,2,Yes,Website,2102233.85,7,1029.2714285714285,2,C1 — Global Investors
C0196,Individual,M,Usa,Nevada,66,Investment,5,No,Agency,2611736.44,6,1411.9466666666667,2,C1 — Global Investors
C0197,Individual,M,Usa,Virginia,79,Home,4,No,Client,2775768.6,8,1082.87,2,C1 — Global Investors
C0198,Individual,F,Usa,California,47,Home,4,No,Website,2399689.67,8,997.5475,2,C1 — Global Investors
C0199,Individual,M,Usa,California,65,Home,3,No,Agency,2582959.87,7,1162.7385714285715,2,C1 — Global Investors
C0200,Individual,F,Usa,California,79,Home,1,No,Agency,1071359.3900000001,4,920.7075,1,C1 — Global Investors
C0201,Individual,F,Usa,California,55,Home,1,No,Agency,1298787.54,4,1147.435,0,C1 — Global Investors
C0202,Individual,M,Canada,British Columbia,27,Home,1,No,Website,1019272.5900000001,3,1049.3799999999999,0,C1 — Global Investors
C0203,Individual,F,Usa,California,67,Home,4,No,Client,1242478.83,4,916.0375,1,C1 — Global Investors
C0204,Individual,F,Usa,California,76,Home,5,No,Agency,934432.98,3,1042.7266666666667,0,C1 — Global Investors
C0205,Individual,F,Mexico,Puebla,55,Home,1,Yes,Agency,949224.48,3,1072.7266666666667,0,C1 — Global Investors
C0206,Individual,F,Usa,California,66,Home,1,Yes,Agency,853060.9299999999,3,851.4266666666667,1,C1 — Global Investors
C0207,Individual,M,Usa,Virginia,79,Investment,4,No,Website,889948.76,3,1104.51,1,C1 — Global Investors
C0208,Individual,M,France,Provence,37,Home,4,Yes,Agency,1199654.38,4,997.4100000000001,0,C1 — Global Investors
C0209,Individual,M,Usa,Arizona,74,Investment,3,No,Agency,979868.13,4,794.1275,0,C1 — Global Investors
C0210,Individual,F,Usa,Colorado,80,Home,2,No,Website,1346156.55,4,1135.53,1,C1 — Global Investors
C0211,Individual,F,Usa,California,51,Home,3,No,Agency,1254240.07,4,1053.27,0,C1 — Global Investors
C0212,Individual,M,Usa,California,67,Home,4,No,Agency,1068278.76,3,1224.68,1,C1 — Global Investors
C0213,Individual,M,Usa,Florida,47,Investment,5,No,Agency,809691.13,3,897.3100000000001,0,C1 — Global Investors
C0214,Individual,F,Belgium,Brussels,77,Investment,5,No,Website,1070534.6400000001,3,1179.5233333333333,1,C1 — Global Investors
C0215,Individual,F,Germany,Hamburg,24,Investment,4,No,Website,1032856.46,3,1110.27,1,C1 — Global Investors
C0216,Individual,M,Usa,Utah,24,Home,1,No,Website,1352642.3399999999,4,1063.04,0,C1 — Global Investors
C0217,Individual,F,Usa,Colorado,39,Home,3,No,Website,1238434.91,4,1019.1225,1,C1 — Global Investors
C0218,Individual,F,Usa,California,53,Home,2,No,Website,836639.27,3,913.6700000000001,0,C1 — Global Investors
C0219,Individual,M,Usa,California,35,Home,4,No,Website,1267653.57,4,1035.1925,0,C1 — Global Investors
C0220,Individual,M,Canada,Ontario,72,Investment,1,No,Website,1060812.68,3,1101.55,1,C1 — Global Investors
C0221,Company,F,Usa,California,36,Home,5,No,Website,1377133.5999999999,4,1186.5225,3,C3 — Corporate Buyers
C0222,Individual,M,Usa,Utah,67,Investment,3,No,Agency,1223560.82,3,1517.47,1,C1 — Global Investors
C0223,Individual,M,Usa,Colorado,50,Investment,3,Yes,Website,969341.87,4,837.5225,1,C1 — Global Investors
C0224,Individual,M,Usa,Colorado,63,Home,5,No,Website,1189255.63,3,1330.2166666666667,1,C1 — Global Investors
C0225,Individual,F,Usa,California,75,Home,1,Yes,Agency,1120626.94,4,905.7525,0,C1 — Global Investors
C0226,Individual,F,Usa,Colorado,65,Home,2,No,Website,1571251.03,3,1599.3433333333332,2,C1 — Global Investors
C0227,Individual,F,Usa,Arizona,79,Home,5,Yes,Website,942245.37,3,1104.51,1,C1 — Global Investors
C0228,Individual,F,Usa,Oregon,71,Investment,4,No,Website,606605.72,3,610.62,0,C1 — Global Investors
C0229,Individual,M,Usa,Colorado,42,Investment,5,No,Website,892220.13,3,900.46,1,C1 — Global Investors
C0230,Company,M,Usa,Nevada,46,Investment,4,Yes,Website,1457429.02,4,1104.2925,3,C3 — Corporate Buyers
C0231,Individual,M,Denmark,Central Denmark,30,Investment,2,Yes,Website,729893.08,3,849.6366666666667,1,C1 — Global Investors
C0232,Individual,F,Usa,California,61,Home,3,Yes,Website,1276710.4900000002,4,1036.6525,1,C1 — Global Investors
C0233,Individual,M,France,Provence,26,Home,4,Yes,Website,1105806.54,4,914.3125,1,C1 — Global Investors
C0234,Individual,F,Usa,New York,44,Home,1,Yes,Website,839967.04,3,973.09,1,C1 — Global Investors
C0235,Individual,M,Usa,California,74,Home,5,No,Website,1268586.58,4,1092.085,1,C1 — Global Investors
C0236,Individual,M,Canada,Manitoba,51,Home,3,No,Agency,1321475.69,3,1449.5,0,C1 — Global Investors
C0237,Individual,M,Usa,California,39,Home,5,Yes,Website,1392353.31,3,1630.1366666666665,2,C1 — Global Investors
C0238,Individual,F,Usa,Virginia,41,Home,4,Yes,Agency,1125732.72,3,1125.17,1,C1 — Global Investors
C0239,Individual,F,Usa,Oregon,50,Home,3,Yes,Website,1352763.67,4,1011.5799999999999,0,C1 — Global Investors
C0240,Individual,F,Usa,Colorado,81,Investment,3,No,Website,935028.28,3,1022.67,0,C1 — Global Investors
C0241,Individual,F,Mexico,Nuevo Leon,61,Home,5,Yes,Website,1025934.71,3,1110.27,1,C1 — Global Investors
C0242,Individual,M,Usa,Utah,25,Home,3,Yes,Agency,1358315.73,4,1191.1025,0,C1 — Global Investors
C0243,Individual,F,Usa,Utah,45,Home,2,No,Website,1382777.8900000001,4,1286.2725,1,C1 — Global Investors
C0244,Individual,F,Usa,California,25,Home,1,No,Website,1046652.28,3,1095.0333333333335,0,C1 — Global Investors
C0245,Individual,M,Usa,Nevada,49,Investment,4,No,Agency,1354584.5,3,1439.256666666667,1,C1 — Global Investors
C0246,Individual,M,France,Normandy,31,Home,1,Yes,Agency,1024485.26,3,1117.9399999999998,0,C1 — Global Investors
C0247,Individual,M,Usa,California,58,Home,1,No,Website,1696540.52,4,1458.93,2,C1 — Global Investors
C0248,Individual,M,Usa,Florida,55,Home,4,Yes,Agency,1035934.63,3,1224.68,0,C1 — Global Investors
C0249,Individual,F,Usa,California,55,Investment,4,No,Agency,1142995.52,4,1027.3249999999998,1,C1 — Global Investors
C0250,Individual,M,Uk,England,76,Home,2,No,Agency,982306.66,3,1076.69,1,C1 — Global Investors
C0251,Individual,F,Usa,Utah,47,Home,5,No,Website,463611.95,3,564.01,1,C1 — Global Investors
C0252,Individual,F,Usa,Nevada,70,Investment,2,No,Website,1082221.48,3,1209.64,0,C1 — Global Investors
C0253,Individual,F,Usa,Virginia,29,Home,4,No,Website,1239226.11,4,1052.8325,1,C1 — Global Investors
C0254,Individual,F,Usa,Florida,67,Home,5,No,Website,1332152.57,4,1096.3725,1,C1 — Global Investors
C0255,Individual,F,Uk,England,62,Investment,3,Yes,Client,1689083.06,4,1253.3075,2,C1 — Global Investors
C0256,Individual,M,Usa,California,33,Home,1,Yes,Website,1150229.15,3,1281.3166666666666,1,C1 — Global Investors
C0257,Individual,M,Usa,California,49,Home,1,No,Website,1145456.23,3,1277.84,0,C1 — Global Investors
C0258,Individual,M,Uk,Northern Ireland,32,Home,4,Yes,Agency,1001712.37,3,1173.1833333333334,1,C1 — Global Investors
C0259,Individual,F,Usa,Oregon,33,Home,4,No,Website,779396.4099999999,3,842.68,1,C1 — Global Investors
C0260,Individual,F,Usa,Nevada,77,Investment,3,No,Website,1057192.79,4,820.9225,0,C1 — Global Investors
C0261,Company,F,Usa,Florida,38,Investment,4,Yes,Website,2094623.1,4,1676.3825,3,C3 — Corporate Buyers
C0262,Individual,M,Usa,Oregon,76,Home,2,No,Website,1233260.4,3,1359.24,1,C1 — Global Investors
C0263,Individual,M,Usa,Nevada,42,Investment,2,Yes,Website,969140.41,3,1016.7633333333333,1,C1 — Global Investors
C0264,Individual,F,Usa,Colorado,31,Home,2,Yes,Agency,1127766.02,4,972.245,0,C1 — Global Investors
C0265,Company,M,Belgium,Flanders,56,Home,1,No,Website,1708031.99,4,1293.0725,3,C3 — Corporate Buyers
C0266,Individual,M,Usa,California,46,Home,5,Yes,Agency,931646.38,3,1078.7866666666666,0,C1 — Global Investors
C0267,Individual,F,Usa,Utah,75,Home,4,Yes,Agency,1314495.01,4,1096.12,1,C1 — Global Investors
C0268,Individual,F,Usa,Georgia,64,Investment,3,No,Website,1108939.8599999999,4,900.39,0,C1 — Global Investors
C0269,Individual,M,Usa,New York,54,Home,2,No,Agency,1049110.08,3,1076.69,0,C1 — Global Investors
C0270,Individual,F,Usa,Florida,79,Home,5,No,Website,924009.9,3,983.4266666666667,0,C1 — Global Investors
C0271,Individual,F,Usa,California,51,Investment,3,No,Agency,1295689.37,4,1024.3375,0,C1 — Global Investors
C0272,Individual,F,Uk,Scotland,30,Home,5,Yes,Website,1439584.37,4,1248.58,1,C1 — Global Investors
C0273,Individual,M,Denmark,Zealand,36,Investment,2,No,Website,682452.64,3,801.46,1,C1 — Global Investors
C0274,Individual,M,Usa,Florida,73,Home,2,No,Website,1343449.34,3,1467.89,2,C1 — Global Investors
C0275,Individual,M,Usa,Oregon,23,Home,1,Yes,Website,1237500.3,4,1177.3375,0,C1 — Global Investors
C0276,Individual,F,Usa,Washington,70,Home,5,No,Website,1011195.98,3,1164.9766666666667,1,C1 — Global Investors
C0277,Individual,M,Usa,Colorado,69,Investment,1,Yes,Agency,1123449.53,3,1286.4266666666667,1,C1 — Global Investors
C0278,Individual,F,Usa,California,68,Investment,2,Yes,Website,1442538.67,3,1685.2766666666666,2,C1 — Global Investors
C0279,Individual,F,Usa,Oregon,56,Home,1,No,Website,1012986.25,3,1170.3533333333332,1,C1 — Global Investors
C0280,Individual,M,Usa,Florida,79,Home,4,No,Client,1282020.93,4,1154.2525,0,C1 — Global Investors
C0281,Individual,F,Usa,California,46,Home,1,Yes,Agency,1256275.37,3,1388.4566666666667,0,C1 — Global Investors
C0282,Individual,F,Usa,California,26,Investment,1,No,Website,973863.8,4,858.9825,0,C1 — Global Investors
C0283,Individual,F,Usa,Arizona,61,Home,2,Yes,Agency,1118599.47,4,922.54,0,C1 — Global Investors
C0284,Individual,M,Usa,Arizona,46,Home,4,No,Client,1251975.85,4,994.0725,1,C1 — Global Investors
C0285,Individual,M,France,Ile-De-France,24,Investment,3,No,Website,1679056.13,4,1423.1725,2,C1 — Global Investors
C0286,Individual,M,Uk,Scotland,27,Home,1,No,Agency,859353.0900000001,3,988.6033333333334,1,C1 — Global Investors
C0287,Individual,F,Australia,New South Wales,33,Home,5,No,Website,1171265.03,3,1205.9633333333334,0,C1 — Global Investors
C0288,Individual,M,Usa,Colorado,26,Investment,4,No,Agency,1364289.23,4,1198.3725,1,C1 — Global Investors
C0289,Individual,F,Usa,California,30,Investment,5,No,Agency,1533862.35,4,1200.2725,0,C1 — Global Investors
C0290,Individual,M,Usa,California,61,Home,2,No,Website,1215398.18,3,1337.1733333333334,0,C1 — Global Investors
C0291,Individual,M,Usa,Nevada,70,Home,2,No,Agency,1322506.76,3,1523.6933333333334,2,C1 — Global Investors
C0292,Individual,F,Usa,California,78,Home,1,No,Agency,1442818.3399999999,4,1084.0625,1,C1 — Global Investors
C0293,Individual,F,Usa,California,30,Investment,4,No,Website,1580876.65,4,1299.3274999999999,2,C1 — Global Investors
C0294,Individual,M,Usa,Nevada,60,Home,3,Yes,Website,1027250.91,4,825.1324999999999,0,C1 — Global Investors
C0295,Individual,M,Russia,Tatarstan,56,Home,3,No,Agency,1350375.73,3,1413.8666666666668,1,C1 — Global Investors
C0296,Individual,M,Canada,Manitoba,39,Home,1,Yes,Client,1142875.46,3,1238.0233333333333,1,C1 — Global Investors
C0297,Individual,F,Uk,Wales,51,Investment,5,No,Agency,1709184.75,4,1422.9925,2,C1 — Global Investors
C0298,Individual,F,Usa,Oregon,51,Home,3,No,Website,1262479.23,4,1069.63,0,C1 — Global Investors
C0299,Individual,F,Uk,Wales,46,Home,5,No,Agency,1177661.76,4,948.7574999999999,1,C1 — Global Investors
C0300,Individual,M,Canada,Alberta,64,Home,5,Yes,Website,844956.55,3,877.9633333333333,1,C1 — Global Investors
C0301,Individual,F,Usa,Virginia,64,Home,4,No,Agency,1045776.52,3,1286.4266666666667,1,C1 — Global Investors
C0302,Individual,F,Usa,Utah,47,Investment,1,No,Agency,1654300.33,4,1239.145,0,C1 — Global Investors
C0303,Individual,F,Usa,Virginia,66,Investment,5,Yes,Website,1519113.12,4,1242.0825,2,C1 — Global Investors
C0304,Individual,M,Usa,California,64,Investment,1,No,Agency,1685753.28,4,1333.5625,2,C1 — Global Investors
C0305,Individual,F,Usa,Arizona,28,Home,1,No,Website,1327736.23,3,1493.243333333333,0,C1 — Global Investors
C0306,Individual,M,Usa,California,35,Home,1,No,Client,1399698.79,4,1075.5049999999999,0,C1 — Global Investors
C0307,Individual,M,Usa,California,31,Home,5,Yes,Client,1490170.3800000001,4,1167.105,0,C1 — Global Investors
C0308,Individual,F,Belgium,Flanders,51,Investment,4,Yes,Agency,1176582.54,3,1343.8166666666666,1,C1 — Global Investors
C0309,Individual,F,Usa,Washington,66,Home,4,No,Agency,1382649.58,3,1412.2166666666665,0,C1 — Global Investors
C0310,Individual,M,Uk,Northern Ireland,31,Home,3,No,Website,1389329.62,3,1565.3233333333335,2,C1 — Global Investors
C0311,Individual,M,Usa,Georgia,71,Home,2,No,Website,1632999.56,4,1312.8225,2,C1 — Global Investors
C0312,Individual,M,Usa,Nevada,82,Home,3,Yes,Website,1105668.66,4,962.3199999999999,1,C1 — Global Investors
C0313,Company,M,Usa,California,49,Home,1,No,Agency,1091085.9300000002,3,1190.3133333333333,3,C3 — Corporate Buyers
C0314,Individual,M,Usa,Washington,41,Investment,4,No,Agency,1040795.02,3,1138.4233333333334,0,C1 — Global Investors
C0315,Individual,M,Mexico,Baja California,36,Investment,5,No,Website,1178606.56,4,979.6775,0,C1 — Global Investors
C0316,Individual,M,Uk,Scotland,26,Investment,4,Yes,Website,1792447.27,4,1338.8999999999999,2,C1 — Global Investors
C0317,Individual,F,Usa,California,24,Investment,2,Yes,Website,1248444.31,3,1451.2533333333333,1,C1 — Global Investors
C0318,Individual,F,Germany,Berlin,49,Home,5,No,Website,871968.67,3,927.6066666666666,1,C1 — Global Investors
C0319,Company,F,Usa,Texas,28,Home,5,Yes,Website,2061054.65,4,1726.0575,3,C3 — Corporate Buyers
C0320,Individual,M,Usa,Texas,39,Home,3,Yes,Client,1317732.09,3,1465.92,0,C1 — Global Investors
C0321,Individual,M,Usa,California,31,Investment,2,No,Agency,1701753.71,4,1321.76,2,C1 — Global Investors
C0322,Individual,F,Usa,California,27,Home,2,Yes,Website,1347002.93,3,1445.2933333333333,0,C1 — Global Investors
C0323,Individual,F,Usa,California,48,Investment,2,Yes,Website,1230825.62,3,1308.5133333333333,0,C1 — Global Investors
C0324,Individual,M,Usa,Washington,30,Home,4,No,Website,1147121.25,3,1313.16,0,C1 — Global Investors
C0325,Individual,F,Usa,California,40,Home,5,Yes,Agency,1205175.56,4,1030.1225,0,C1 — Global Investors
C0326,Individual,M,Usa,Oregon,65,Investment,4,Yes,Agency,1321975.5,4,1028.1275,1,C1 — Global Investors
C0327,Individual,F,Uk,Scotland,62,Home,1,No,Agency,1116366.72,4,933.355,1,C1 — Global Investors
C0328,Individual,M,Usa,California,77,Home,1,Yes,Client,1356560.31,4,1030.21,1,C1 — Global Investors
C0329,Individual,F,Germany,Hesse,25,Home,3,No,Agency,770062.4,3,922.6666666666666,1,C1 — Global Investors
C0330,Individual,M,Usa,California,48,Home,1,No,Website,1331463.63,4,1146.9925,1,C1 — Global Investors
C0331,Individual,F,Usa,California,39,Investment,3,No,Agency,1546334.4,4,1259.95,0,C1 — Global Investors
C0332,Individual,M,Usa,Texas,34,Investment,3,No,Website,1209987.46,3,1435.6633333333332,0,C1 — Global Investors
C0333,Individual,F,Uk,Wales,68,Home,3,No,Website,1118960.06,3,1203.39,0,C1 — Global Investors
C0334,Individual,M,Usa,Arizona,73,Investment,3,No,Agency,1445655.93,4,1047.99,0,C1 — Global Investors
C0335,Individual,M,Usa,Arizona,48,Home,4,No,Website,1478341.12,4,1190.4075,2,C1 — Global Investors
C0336,Individual,F,Usa,California,52,Investment,5,No,Agency,1163690.5899999999,3,1226.8766666666668,1,C1 — Global Investors
C0337,Individual,M,Usa,Arizona,81,Home,3,Yes,Website,759310.2,3,893.3766666666667,1,C1 — Global Investors
C0338,Individual,M,Usa,California,80,Home,5,Yes,Website,1488671.1300000001,4,1227.17,2,C1 — Global Investors
C0339,Individual,M,Usa,Utah,60,Investment,5,No,Agency,1548824.23,4,1170.135,1,C1 — Global Investors
C0340,Individual,M,Usa,California,83,Investment,2,No,Agency,1047500.4199999999,3,1263.5766666666666,1,C1 — Global Investors
C0341,Individual,M,Usa,California,41,Investment,4,No,Agency,1679555.42,4,1293.0725,2,C1 — Global Investors
C0342,Individual,M,Usa,California,49,Investment,2,No,Client,1290567.3900000001,3,1286.43,1,C1 — Global Investors
C0343,Individual,F,Usa,California,71,Home,2,No,Website,1630923.97,4,1374.585,2,C1 — Global Investors
C0344,Individual,M,Canada,British Columbia,26,Home,2,Yes,Website,1276344.68,4,1059.9375,1,C1 — Global Investors
C0345,Individual,F,Usa,New York,54,Home,4,Yes,Website,1339687.25,3,1510.3766666666668,0,C1 — Global Investors
C0346,Individual,F,Usa,California,60,Home,5,No,Agency,1174812.8599999999,3,1271.67,1,C1 — Global Investors
C0347,Individual,M,Usa,Washington,31,Home,3,Yes,Website,1378006.45,3,1471.6200000000001,0,C1 — Global Investors
C0348,Individual,M,Usa,Colorado,41,Investment,5,Yes,Agency,1482633.92,4,1246.7075,1,C1 — Global Investors
C0349,Individual,M,Usa,Arizona,48,Home,2,Yes,Agency,1065745.84,3,1124.5,0,C1 — Global Investors
C0350,Individual,M,Usa,Arizona,31,Home,2,No,Agency,1066408.3,3,1206.2733333333333,0,C1 — Global Investors
C0351,Individual,F,Usa,Oregon,62,Home,5,No,Agency,1551113.76,4,1260.0625,2,C1 — Global Investors
C0352,Individual,F,Usa,Nevada,46,Investment,3,No,Agency,1339830.04,3,1447.82,1,C1 — Global Investors
C0353,Individual,F,Usa,Arizona,59,Home,2,No,Agency,889855.16,3,980.8699999999999,1,C1 — Global Investors
C0354,Individual,F,Usa,California,25,Home,4,No,Website,962196.6000000001,3,1059.1499999999999,0,C1 — Global Investors
C0355,Individual,M,Mexico,Baja California,72,Investment,1,No,Website,1029593.97,3,1273.45,1,C1 — Global Investors
C0356,Individual,F,Usa,Georgia,47,Home,3,No,Website,964351.9,4,816.16,1,C1 — Global Investors
C0357,Individual,F,Usa,California,35,Home,3,No,Website,970629.22,3,1059.3466666666666,0,C1 — Global Investors
C0358,Individual,F,Australia,New South Wales,45,Home,3,Yes,Agency,1150919.74,3,1240.6066666666666,0,C1 — Global Investors
C0359,Individual,F,Usa,California,72,Investment,1,No,Agency,1098189.8900000001,3,1308.5133333333333,1,C1 — Global Investors
C0360,Individual,F,Usa,Utah,75,Home,2,Yes,Agency,1978026.48,4,1676.3825,2,C1 — Global Investors
C0361,Individual,M,Uk,England,65,Home,1,Yes,Website,1468372.25,4,1222.5974999999999,2,C1 — Global Investors
C0362,Individual,F,Usa,Utah,23,Home,4,No,Website,1129669.4,3,1162.6166666666666,1,C1 — Global Investors
C0363,Individual,F,Usa,Utah,64,Investment,2,No,Client,1232301.44,4,929.6975,0,C1 — Global Investors
C0364,Individual,M,Usa,Texas,79,Home,2,No,Website,1492505.18,4,1261.78,2,C1 — Global Investors
C0365,Individual,M,Usa,Colorado,61,Investment,5,No,Agency,951259.9,3,1164.9766666666667,1,C1 — Global Investors
C0366,Individual,M,Usa,California,40,Home,4,No,Website,1420135.32,3,1452.2633333333333,2,C1 — Global Investors
C0367,Individual,M,Usa,California,59,Investment,4,No,Agency,1662617.88,4,1269.065,2,C1 — Global Investors
C0368,Individual,F,Usa,California,31,Home,4,Yes,Agency,1494552.45,4,1136.215,0,C1 — Global Investors
C0369,Individual,F,Usa,Utah,69,Home,2,Yes,Agency,1586439.08,4,1333.5625,2,C1 — Global Investors
C0370,Individual,F,Russia,Krasnodar Krai,66,Home,1,No,Website,1613633.3900000001,4,1334.8775,2,C1 — Global Investors
C0371,Individual,M,Belgium,Wallonia,53,Investment,3,No,Agency,827208.61,3,842.68,0,C1 — Global Investors
C0372,Individual,F,Belgium,Flanders,71,Investment,1,No,Agency,1280128.06,3,1361.7433333333333,1,C1 — Global Investors
C0373,Individual,F,Usa,Georgia,30,Home,2,No,Agency,1047277.1799999999,3,1160.5133333333333,0,C1 — Global Investors
C0374,Individual,F,Australia,New South Wales,30,Investment,4,Yes,Agency,916825.86,4,735.11,0,C1 — Global Investors
C0375,Individual,M,Usa,California,55,Investment,4,No,Website,1178580.6400000001,3,1224.68,0,C1 — Global Investors
C0376,Individual,F,Usa,California,70,Home,3,No,Website,1182808.29,3,1361.7433333333333,0,C1 — Global Investors
C0377,Individual,M,Usa,Washington,25,Home,4,No,Website,822780.32,3,904.0466666666667,0,C1 — Global Investors
C0378,Individual,F,Usa,California,66,Investment,3,Yes,Website,812387.51,3,983.4266666666667,1,C1 — Global Investors
C0379,Company,M,Usa,California,46,Investment,2,Yes,Client,1254919.3599999999,4,1115.505,3,C3 — Corporate Buyers
C0380,Individual,F,Usa,California,50,Home,3,Yes,Website,939708.87,3,1175.45,0,C1 — Global Investors
C0381,Individual,M,Usa,California,62,Home,5,Yes,Agency,878913.19,3,1188.2333333333333,1,C1 — Global Investors
C0382,Individual,M,Usa,California,48,Investment,1,Yes,Agency,980139.25,3,980.8699999999999,0,C1 — Global Investors
C0383,Company,F,Mexico,Mexico City,38,Investment,3,No,Agency,968070.64,4,809.6575,3,C3 — Corporate Buyers
C0384,Individual,F,Usa,California,79,Home,3,Yes,Website,1010761.74,3,1049.3799999999999,1,C1 — Global Investors
C0385,Individual,M,Uk,Northern Ireland,54,Investment,4,No,Website,1289646.4100000001,3,1277.2733333333333,1,C1 — Global Investors
C0386,Individual,F,Usa,Colorado,47,Home,2,No,Client,1633972.21,3,1445.08,2,C1 — Global Investors
C0387,Individual,F,Usa,California,49,Home,2,Yes,Website,1992983.55,4,1555.2975000000001,2,C1 — Global Investors
C0388,Individual,M,Usa,California,28,Home,4,No,Agency,961894.92,3,975.9433333333333,0,C1 — Global Investors
C0389,Individual,M,Usa,Colorado,69,Home,3,No,Website,1261549.0899999999,4,1119.0900000000001,0,C1 — Global Investors
C0390,Individual,M,Canada,Quebec,81,Investment,2,No,Website,1678762.0699999998,4,1295.2649999999999,2,C1 — Global Investors
C0391,Individual,F,Usa,California,57,Home,5,No,Agency,1035012.9099999999,3,1064.4166666666667,1,C1 — Global Investors
C0392,Individual,F,Usa,Arizona,46,Home,2,Yes,Website,1015830.03,4,922.6600000000001,1,C1 — Global Investors
C0393,Individual,F,Usa,Arizona,35,Home,4,No,Agency,1616556.78,4,1298.145,2,C1 — Global Investors
C0394,Individual,F,Usa,Colorado,69,Home,3,Yes,Website,1258840.0,4,1041.8025,0,C1 — Global Investors
C0395,Individual,F,Usa,Florida,64,Home,1,No,Website,1153134.48,3,1303.4733333333334,0,C1 — Global Investors
C0396,Individual,M,Usa,Nevada,23,Home,5,No,Agency,1181447.25,4,896.2524999999999,1,C1 — Global Investors
C0397,Individual,F,Usa,California,23,Home,5,No,Website,793543.27,3,862.11,1,C1 — Global Investors
C0398,Individual,F,Usa,Texas,75,Home,1,Yes,Agency,1186693.85,4,935.765,0,C1 — Global Investors
C0399,Individual,M,Usa,California,39,Home,4,No,Agency,1229057.49,4,1093.05,0,C1 — Global Investors
C0400,Individual,M,Usa,California,64,Home,4,No,Agency,1360152.99,4,1239.145,1,C1 — Global Investors
C0401,Individual,M,Usa,Arizona,54,Home,5,Yes,Website,1020913.0700000001,4,853.07,1,C1 — Global Investors
C0402,Individual,F,Usa,Georgia,82,Home,5,No,Website,1054166.95,3,1102.8633333333335,1,C1 — Global Investors
C0403,Individual,F,Australia,New South Wales,60,Home,1,No,Website,878792.98,3,1060.9733333333334,0,C1 — Global Investors
C0404,Individual,F,France,Normandy,47,Investment,1,No,Client,731788.96,3,753.3133333333334,1,C1 — Global Investors
C0405,Company,M,Usa,Colorado,54,Home,1,No,Agency,1310963.25,4,1140.38,3,C3 — Corporate Buyers
C0406,Individual,F,Usa,Colorado,63,Home,3,No,Website,1317165.12,4,1090.1925,0,C1 — Global Investors
C0407,Individual,F,Usa,California,41,Home,2,No,Client,1254494.91,4,1045.8025,1,C1 — Global Investors
C0408,Individual,M,Usa,California,46,Home,3,No,Website,1320497.01,3,1413.0600000000002,1,C1 — Global Investors
C0409,Individual,M,Usa,Nevada,51,Home,1,Yes,Website,1816669.2,4,1449.3775,2,C1 — Global Investors
C0410,Individual,F,Russia,Saint Petersburg,41,Home,5,Yes,Agency,1021706.02,3,1189.1899999999998,1,C1 — Global Investors
C0411,Individual,F,Usa,California,40,Home,2,No,Website,896987.21,3,883.7466666666668,0,C1 — Global Investors
C0412,Individual,F,Uk,Scotland,39,Home,5,No,Website,1100376.25,3,1260.8366666666668,1,C1 — Global Investors
C0413,Individual,M,Canada,British Columbia,83,Home,3,No,Website,1769126.22,4,1431.4575,2,C1 — Global Investors
C0414,Individual,M,Usa,California,61,Home,4,No,Website,1412148.94,4,1144.74,0,C1 — Global Investors
C0415,Individual,F,Usa,Nevada,43,Home,5,Yes,Agency,1305928.3499999999,4,1093.05,1,C1 — Global Investors
C0416,Company,M,Germany,North Rhine-Westphalia,42,Investment,5,Yes,Client,1059532.51,3,1260.8366666666668,3,C3 — Corporate Buyers
C0417,Individual,M,Usa,Utah,76,Home,2,No,Website,1354773.96,3,1471.8999999999999,2,C1 — Global Investors
C0418,Individual,M,Usa,Arizona,27,Home,5,No,Agency,1629486.83,4,1276.8225,2,C1 — Global Investors
C0419,Individual,M,Usa,Washington,61,Home,3,Yes,Agency,1174012.19,4,990.4475,0,C1 — Global Investors
C0420,Individual,F,Usa,California,29,Home,5,No,Agency,1260096.1600000001,3,1330.2166666666667,0,C1 — Global Investors
C0421,Individual,M,Germany,Hesse,48,Investment,5,Yes,Website,1495763.3699999999,4,1203.905,1,C1 — Global Investors
C0422,Company,F,Usa,California,50,Home,1,Yes,Client,1653171.62,4,1428.5749999999998,3,C3 — Corporate Buyers
C0423,Individual,F,Usa,California,73,Home,1,No,Client,1068716.19,3,1195.1966666666667,0,C1 — Global Investors
C0424,Individual,F,Usa,Florida,25,Home,1,No,Website,1034036.3,3,1107.81,1,C1 — Global Investors
C0425,Individual,M,Usa,Nevada,58,Home,2,No,Agency,1256932.48,3,1452.2633333333333,1,C1 — Global Investors
C0426,Individual,F,Usa,Oregon,70,Home,4,Yes,Client,890250.61,3,874.19,1,C1 — Global Investors
C0427,Individual,F,Usa,California,29,Home,4,Yes,Website,1457016.31,4,1216.595,1,C1 — Global Investors
C0428,Individual,F,Usa,Oregon,61,Home,3,No,Agency,984451.32,4,838.2925,1,C1 — Global Investors
C0429,Individual,F,Usa,California,28,Home,3,Yes,Website,1503904.1600000001,4,1374.585,2,C1 — Global Investors
C0430,Individual,M,Usa,Nevada,49,Home,2,No,Agency,931141.96,3,1033.1033333333332,0,C1 — Global Investors
C0431,Individual,M,Usa,California,54,Home,5,Yes,Website,1544751.33,4,1246.6175,2,C1 — Global Investors
C0432,Company,M,Usa,California,28,Home,5,No,Agency,1277850.15,4,1025.1499999999999,3,C3 — Corporate Buyers
C0433,Individual,F,Usa,California,54,Investment,2,Yes,Website,1937061.37,4,1591.4724999999999,2,C1 — Global Investors
C0434,Individual,F,Russia,Tatarstan,59,Home,5,No,Website,1364889.24,3,1445.5566666666666,1,C1 — Global Investors
C0435,Individual,F,Australia,New South Wales,57,Home,5,Yes,Website,908970.34,3,1077.3233333333335,1,C1 — Global Investors
C0436,Individual,M,Usa,Colorado,51,Home,2,Yes,Client,1327594.64,4,1064.2625,1,C1 — Global Investors
C0437,Individual,F,Usa,Texas,33,Home,1,No,Website,657032.8200000001,3,801.46,1,C1 — Global Investors
C0438,Individual,M,Usa,Georgia,41,Investment,1,Yes,Client,1458641.1,4,1261.78,1,C1 — Global Investors
C0439,Individual,M,Usa,Virginia,67,Home,2,No,Agency,1273328.62,3,1422.97,0,C1 — Global Investors
C0440,Individual,M,Usa,California,63,Investment,1,No,Agency,703498.83,3,845.8633333333333,1,C1 — Global Investors
C0441,Individual,F,Russia,Krasnodar Krai,43,Investment,1,No,Agency,1525849.55,4,1239.2649999999999,0,C1 — Global Investors
C0442,Individual,F,Usa,Colorado,48,Home,3,Yes,Website,1707466.97,4,1489.73,2,C1 — Global Investors
C0443,Individual,M,Denmark,Capital Region,73,Home,1,Yes,Agency,1355839.1,3,1527.8633333333335,1,C1 — Global Investors
C0444,Individual,F,Usa,California,82,Home,2,No,Website,1054514.54,4,943.97,0,C1 — Global Investors
C0445,Individual,F,Usa,California,28,Home,2,Yes,Website,1425691.63,4,1101.9875,0,C1 — Global Investors
C0446,Individual,M,Usa,Colorado,68,Home,2,No,Website,1024655.04,3,1258.6899999999998,0,C1 — Global Investors
C0447,Individual,F,Usa,New York,67,Home,2,No,Website,1543592.15,3,1680.5266666666666,2,C1 — Global Investors
C0448,Individual,M,Usa,Nevada,43,Investment,2,No,Agency,942066.48,3,1050.08,1,C1 — Global Investors
C0449,Individual,M,Usa,Oregon,51,Investment,2,No,Agency,1418922.44,3,1504.28,0,C1 — Global Investors
C0450,Individual,M,Mexico,Nuevo Leon,31,Home,3,No,Website,1555297.3699999999,4,1258.5825,2,C1 — Global Investors
C0451,Individual,M,Canada,Alberta,38,Investment,5,Yes,Client,1665967.4100000001,4,1339.695,2,C1 — Global Investors
C0452,Individual,M,Usa,Washington,56,Home,3,No,Website,1398358.69,4,1086.2275,1,C1 — Global Investors
C0453,Individual,M,Uk,Scotland,30,Investment,1,No,Website,1321010.76,4,1103.3025,1,C1 — Global Investors
C0454,Company,F,Usa,Nevada,62,Investment,4,No,Agency,980683.73,3,1072.4833333333333,3,C3 — Corporate Buyers
C0455,Individual,F,Usa,California,60,Home,1,No,Agency,1125726.62,4,838.2925,1,C1 — Global Investors
C0456,Individual,F,Usa,Oregon,28,Home,3,Yes,Website,1349210.55,3,1448.82,1,C1 — Global Investors
C0457,Individual,M,Uk,Wales,43,Investment,1,No,Agency,1399940.21,3,1457.8333333333333,1,C1 — Global Investors
C0458,Individual,M,Usa,Oregon,28,Investment,1,No,Agency,1382881.81,4,1123.3175,0,C1 — Global Investors
C0459,Individual,M,Usa,California,68,Home,3,No,Agency,821716.14,3,945.65,0,C1 — Global Investors
C0460,Individual,F,Usa,Virginia,31,Home,1,No,Website,1061349.03,3,1078.7866666666666,0,C1 — Global Investors
C0461,Individual,M,Usa,Arizona,63,Home,1,No,Agency,986630.39,3,1157.47,0,C1 — Global Investors
C0462,Individual,M,Australia,Victoria,80,Home,2,No,Agency,1606667.68,4,1316.0375,2,C1 — Global Investors
C0463,Individual,M,Usa,California,53,Home,5,No,Client,1235094.73,4,989.46,0,C1 — Global Investors
C0464,Individual,M,Usa,Florida,49,Home,5,No,Website,1455550.0,4,1276.8225,2,C1 — Global Investors
C0465,Individual,M,Usa,California,74,Home,3,No,Website,707799.9199999999,3,839.1433333333334,1,C1 — Global Investors
C0466,Individual,F,Usa,Virginia,35,Investment,2,No,Website,1228651.21,4,1030.21,0,C1 — Global Investors
C0467,Individual,F,Usa,Ohio,71,Home,1,Yes,Agency,976066.93,3,1155.6966666666667,1,C1 — Global Investors
C0468,Individual,M,Mexico,Jalisco,71,Investment,3,Yes,Website,1267396.7999999998,3,1386.32,0,C1 — Global Investors
C0469,Individual,M,Usa,California,26,Home,2,No,Website,1518476.47,4,1265.3825,2,C1 — Global Investors
C0470,Individual,F,Usa,Oregon,60,Home,1,No,Agency,862552.54,3,883.7466666666666,1,C1 — Global Investors
C0471,Individual,M,Usa,Utah,39,Investment,3,No,Agency,1084997.39,3,1209.64,0,C1 — Global Investors
C0472,Individual,M,Usa,California,72,Home,4,No,Website,1277486.3699999999,3,1394.21,1,C1 — Global Investors
C0473,Individual,F,Usa,California,42,Home,3,No,Agency,1304527.6600000001,4,1042.725,1,C1 — Global Investors
C0474,Individual,M,Usa,Nevada,28,Home,1,No,Website,962015.29,4,824.2025,0,C1 — Global Investors
C0475,Individual,M,Belgium,Wallonia,77,Investment,2,Yes,Agency,1234470.16,3,1371.6133333333335,0,C1 — Global Investors
C0476,Individual,M,Usa,Florida,26,Home,3,No,Agency,1485303.01,4,1299.3675,2,C1 — Global Investors
C0477,Individual,M,Usa,California,39,Investment,4,Yes,Website,1535114.88,3,1452.2633333333333,2,C1 — Global Investors
C0478,Individual,F,Usa,Ohio,83,Investment,4,No,Website,774892.79,3,997.4133333333333,0,C1 — Global Investors
C0479,Individual,F,Usa,California,45,Home,2,Yes,Agency,1172782.93,4,956.6725,0,C1 — Global Investors
C0480,Individual,M,Usa,California,49,Home,4,Yes,Website,1033261.03,4,827.2,1,C1 — Global Investors
C0481,Individual,M,Usa,Arizona,47,Home,3,No,Agency,1365460.24,4,1040.8899999999999,0,C1 — Global Investors
C0482,Individual,F,Usa,New York,43,Investment,3,Yes,Agency,1006132.77,3,1155.4633333333334,0,C1 — Global Investors
C0483,Individual,M,Usa,Arizona,38,Investment,1,No,Website,881113.79,3,934.8733333333333,1,C1 — Global Investors
C0484,Individual,F,Usa,Texas,34,Investment,3,No,Website,1313240.67,4,1114.105,0,C1 — Global Investors
C0485,Individual,F,Usa,Arizona,32,Home,2,No,Website,1000841.1799999999,3,1144.8033333333333,1,C1 — Global Investors
C0486,Individual,M,Usa,California,24,Investment,2,Yes,Website,1090587.66,3,1175.45,1,C1 — Global Investors
C0487,Individual,F,Usa,Washington,32,Home,5,No,Website,1576272.71,4,1295.0975,2,C1 — Global Investors
C0488,Individual,F,Usa,California,44,Investment,4,No,Agency,1218265.3599999999,4,990.9875000000001,0,C1 — Global Investors
C0489,Individual,M,Germany,Berlin,73,Investment,2,No,Website,1025274.77,3,1102.8633333333335,1,C1 — Global Investors
C0490,Individual,F,Usa,Nevada,69,Investment,5,Yes,Website,1292367.93,3,1240.6066666666666,1,C1 — Global Investors
C0491,Individual,M,Usa,Washington,82,Home,2,No,Website,1106379.8,3,1168.3833333333334,1,C1 — Global Investors
C0492,Individual,M,Usa,Utah,23,Home,3,Yes,Website,1300917.1,4,1008.6625,1,C1 — Global Investors
C0493,Individual,M,Usa,Colorado,69,Home,3,No,Website,1312198.98,4,1141.225,0,C1 — Global Investors
C0494,Individual,F,Usa,California,33,Home,3,Yes,Website,1052676.65,4,911.0425,1,C1 — Global Investors
C0495,Individual,M,Usa,California,69,Investment,5,No,Client,1246742.44,4,984.9525,1,C1 — Global Investors
C0496,Individual,M,Usa,California,33,Home,4,No,Agency,1120376.44,4,947.7475000000001,1,C1 — Global Investors
C0497,Individual,F,Usa,Arizona,38,Investment,4,Yes,Website,1330684.99,3,1438.2933333333333,0,C1 — Global Investors
C0498,Individual,F,Canada,Alberta,75,Home,2,Yes,Website,1007455.29,3,1258.3999999999999,0,C1 — Global Investors
C0499,Individual,F,Usa,Colorado,77,Home,3,Yes,Agency,897769.81,3,863.7633333333333,0,C1 — Global Investors
C0500,Individual,M,Usa,California,46,Home,4,Yes,Website,1294944.52,3,1438.2933333333333,0,C1 — Global Investors
C0501,Individual,M,Usa,Nevada,28,Investment,5,Yes,Agency,1741166.27,4,1454.35,2,C1 — Global Investors
C0502,Individual,F,Usa,Arizona,57,Home,4,No,Website,1537989.75,4,1324.385,2,C1 — Global Investors
C0503,Individual,M,Usa,Utah,80,Investment,2,Yes,Client,1432167.34,4,1135.53,0,C1 — Global Investors
C0504,Individual,M,Usa,Utah,31,Home,2,No,Website,1367188.58,4,1108.6075,1,C1 — Global Investors
C0505,Individual,F,Usa,Arizona,28,Home,3,No,Agency,1043535.21,3,1125.17,1,C1 — Global Investors
C0506,Individual,M,Usa,California,56,Home,5,No,Agency,1122203.03,3,1267.4066666666668,0,C1 — Global Investors
C0507,Individual,M,Usa,New York,72,Home,3,No,Website,1062656.6099999999,3,1221.3833333333334,1,C1 — Global Investors
C0508,Individual,F,Usa,Nevada,53,Home,5,No,Agency,833710.06,3,900.6166666666667,0,C1 — Global Investors
C0509,Individual,M,Belgium,Wallonia,67,Home,3,No,Website,1687930.25,4,1333.2775000000001,2,C1 — Global Investors
C0510,Individual,F,France,Brittany,76,Investment,1,Yes,Website,1094232.67,3,1243.8233333333333,1,C1 — Global Investors
C0511,Individual,F,Uk,England,69,Home,2,No,Website,1090537.6,3,1179.5233333333333,0,C1 — Global Investors
C0512,Individual,F,Usa,Arizona,78,Home,1,No,Client,1448158.1400000001,3,1654.4733333333334,2,C1 — Global Investors
C0513,Individual,M,Usa,Florida,24,Home,2,Yes,Agency,974596.63,3,1049.5133333333333,1,C1 — Global Investors
C0514,Individual,F,Usa,Oregon,46,Home,1,Yes,Website,1528027.54,4,1316.0375,2,C1 — Global Investors
C0515,Individual,F,Usa,California,60,Home,1,Yes,Website,1561824.93,4,1342.7925,2,C1 — Global Investors
C0516,Individual,M,Usa,Utah,77,Home,3,No,Website,1437837.49,4,1196.8899999999999,2,C1 — Global Investors
C0517,Individual,M,Usa,California,64,Home,5,No,Client,1115807.0,4,939.4875,1,C1 — Global Investors
C0518,Company,F,Usa,New York,61,Home,3,No,Website,1633111.65,4,1196.9724999999999,3,C3 — Corporate Buyers
C0519,Individual,F,Usa,Arizona,48,Investment,3,No,Agency,981719.26,3,1108.9966666666667,1,C1 — Global Investors
C0520,Individual,F,Usa,Oregon,53,Home,3,Yes,Agency,1033523.16,3,1108.9966666666667,1,C1 — Global Investors
C0521,Individual,F,Canada,British Columbia,56,Home,3,No,Website,1074306.5,4,872.6800000000001,1,C1 — Global Investors
C0522,Individual,F,Usa,Virginia,81,Home,5,No,Agency,993023.13,3,1240.6066666666666,0,C1 — Global Investors
C0523,Individual,F,Usa,Colorado,63,Home,2,No,Agency,928962.95,3,1058.6633333333332,0,C1 — Global Investors
C0524,Individual,M,Usa,Washington,70,Home,3,No,Website,801104.6900000001,3,897.3100000000001,1,C1 — Global Investors
C0525,Individual,M,Usa,Arizona,73,Home,4,Yes,Agency,1629457.52,4,1299.3274999999999,2,C1 — Global Investors
C0526,Individual,M,Germany,Bavaria,55,Home,5,No,Website,1301139.77,3,1592.1233333333332,2,C1 — Global Investors
C0527,Individual,M,Usa,California,44,Home,2,No,Website,1138099.7,3,1299.5366666666666,1,C1 — Global Investors
C0528,Individual,M,Usa,Washington,23,Investment,2,No,Client,1118472.87,3,1206.2733333333333,0,C1 — Global Investors
C0529,Individual,M,Usa,Nevada,50,Home,4,Yes,Website,1268138.95,4,1098.1675,1,C1 — Global Investors
C0530,Individual,F,Usa,Utah,71,Home,2,Yes,Agency,1559124.69,4,1246.7075,2,C1 — Global Investors
C0531,Individual,F,Usa,California,47,Home,1,No,Website,1911300.7799999998,4,1510.65,2,C1 — Global Investors
C0532,Individual,F,Belgium,Flanders,44,Home,2,No,Website,1075202.77,4,990.9875000000001,0,C1 — Global Investors
C0533,Individual,M,Usa,Nevada,60,Investment,1,No,Agency,990028.19,4,787.46,0,C1 — Global Investors
C0534,Individual,M,Usa,California,65,Investment,1,No,Agency,1133195.2,3,1371.6133333333335,0,C1 — Global Investors
C0535,Individual,F,Uk,Wales,36,Home,3,No,Agency,1299053.94,3,1386.32,1,C1 — Global Investors
C0536,Individual,F,Usa,Arizona,67,Investment,5,Yes,Website,983106.8400000001,3,1104.51,0,C1 — Global Investors
C0537,Individual,M,Usa,Florida,61,Home,2,No,Client,1490327.5,4,1239.145,2,C1 — Global Investors
C0538,Individual,M,Usa,California,54,Home,1,Yes,Agency,1206897.7000000002,4,1103.3225,0,C1 — Global Investors
C0539,Individual,M,Usa,California,32,Investment,1,Yes,Agency,1645321.2,4,1338.8999999999999,2,C1 — Global Investors
C0540,Individual,F,Usa,New York,26,Home,3,No,Agency,494173.31,3,577.2433333333333,0,C1 — Global Investors
C0541,Individual,M,Uk,Northern Ireland,23,Home,3,No,Agency,1721673.54,4,1296.5625,2,C1 — Global Investors
C0542,Company,M,Mexico,Mexico City,38,Home,3,No,Website,1195819.4,4,1024.3375,3,C3 — Corporate Buyers
C0543,Individual,F,Usa,Texas,76,Home,2,Yes,Website,753145.67,3,862.8699999999999,0,C1 — Global Investors
C0544,Individual,M,Usa,Utah,49,Home,2,No,Website,1636756.28,4,1326.2525,2,C1 — Global Investors
C0545,Individual,M,Usa,Colorado,81,Home,1,Yes,Agency,1260126.39,3,1452.2633333333333,1,C1 — Global Investors
C0546,Individual,M,Canada,Manitoba,56,Home,4,No,Client,795528.06,3,932.37,1,C1 — Global Investors
C0547,Individual,F,Usa,California,76,Investment,2,No,Agency,1178457.95,4,1028.3225,1,C1 — Global Investors
C0548,Individual,M,Usa,California,43,Home,2,No,Agency,1047476.9299999999,3,1186.4366666666667,0,C1 — Global Investors
C0549,Individual,M,Usa,Florida,51,Home,4,No,Website,941219.76,3,1082.75,1,C1 — Global Investors
C0550,Company,F,Usa,Nevada,56,Home,1,No,Agency,1414568.09,4,1123.6174999999998,3,C3 — Corporate Buyers
C0551,Individual,M,Usa,California,63,Investment,4,No,Website,1007397.56,3,1110.6233333333332,1,C1 — Global Investors
C0552,Individual,M,Usa,Virginia,58,Investment,3,No,Agency,1141476.56,3,1196.1733333333334,0,C1 — Global Investors
C0553,Individual,M,Usa,Arizona,45,Home,3,No,Website,821534.9400000001,3,897.3100000000001,0,C1 — Global Investors
C0554,Individual,M,Australia,Victoria,75,Home,1,Yes,Agency,1643592.85,4,1295.2649999999999,2,C1 — Global Investors
C0555,Individual,M,Usa,California,52,Investment,4,Yes,Agency,1064533.27,3,1162.6166666666666,0,C1 — Global Investors
C0556,Individual,M,Usa,Colorado,65,Home,5,No,Website,1335478.18,3,1526.9566666666667,2,C1 — Global Investors
C0557,Individual,F,Usa,Utah,82,Investment,2,No,Website,733161.98,3,791.0400000000001,1,C1 — Global Investors
C0558,Individual,F,Denmark,North Denmark,49,Home,3,No,Website,1033995.96,3,1092.54,1,C1 — Global Investors
C0559,Company,M,Usa,California,54,Home,5,No,Client,1004028.87,4,786.87,3,C3 — Corporate Buyers
C0560,Individual,F,Australia,South Australia,35,Home,3,No,Website,1433718.12,3,1500.72,0,C1 — Global Investors
C0561,Company,F,Usa,Arizona,61,Investment,3,No,Website,1589252.43,4,1298.145,3,C3 — Corporate Buyers
C0562,Individual,F,Usa,Utah,83,Investment,5,Yes,Website,1423675.7200000002,4,1154.105,1,C1 — Global Investors
C0563,Individual,M,Usa,California,32,Home,2,Yes,Agency,1012807.9299999999,4,842.75,0,C1 — Global Investors
C0564,Individual,M,Usa,Texas,71,Home,1,No,Agency,1135017.6,3,1250.3066666666666,1,C1 — Global Investors
C0565,Individual,M,France,Brittany,38,Home,1,No,Website,1043494.3200000001,3,1167.2766666666666,1,C1 — Global Investors
C0566,Individual,F,Usa,Oregon,23,Investment,4,Yes,Agency,1167701.9,4,965.295,1,C1 — Global Investors
C0567,Individual,F,Russia,Saint Petersburg,70,Investment,2,Yes,Agency,1869286.1,4,1546.3875,2,C1 — Global Investors
C0568,Individual,M,Usa,California,70,Home,3,No,Website,944335.88,3,1015.9399999999999,0,C1 — Global Investors
C0569,Individual,F,Usa,California,52,Home,5,Yes,Client,1384749.3,3,1460.493333333333,1,C1 — Global Investors
C0570,Individual,F,France,Occitanie,58,Home,5,Yes,Website,1527210.47,4,1310.8225,2,C1 — Global Investors
C0571,Individual,M,Usa,California,57,Home,3,No,Website,1549969.49,4,1458.93,2,C1 — Global Investors
C0572,Individual,F,Usa,California,30,Investment,5,No,Website,1519677.44,4,1228.8325,1,C1 — Global Investors
C0573,Company,M,Usa,Georgia,46,Home,4,Yes,Agency,785842.76,3,849.7466666666668,3,C3 — Corporate Buyers
C0574,Individual,M,Usa,California,55,Home,2,No,Agency,1261906.32,4,1052.2475,0,C1 — Global Investors
C0575,Individual,M,Usa,California,57,Investment,2,No,Website,1018391.27,3,1107.81,0,C1 — Global Investors
C0576,Individual,M,Germany,Hamburg,64,Home,1,No,Client,1047406.79,3,1082.8966666666668,1,C1 — Global Investors
C0577,Individual,M,Usa,Arizona,34,Home,3,No,Website,693899.0099999999,3,879.3433333333332,1,C1 — Global Investors
C0578,Individual,F,Usa,Arizona,24,Home,5,Yes,Client,707276.53,3,899.7566666666667,1,C1 — Global Investors
C0579,Individual,M,Usa,Texas,82,Investment,3,No,Website,1198428.6400000001,3,1299.5366666666666,1,C1 — Global Investors
C0580,Individual,F,Usa,California,75,Home,2,Yes,Client,2158954.7800000003,4,1726.0575,2,C1 — Global Investors
C0581,Individual,F,Usa,California,66,Investment,5,Yes,Website,1029755.56,4,801.065,0,C1 — Global Investors
C0582,Individual,F,Usa,Washington,83,Investment,3,Yes,Website,708559.1499999999,3,791.0400000000001,0,C1 — Global Investors
C0583,Individual,M,Usa,California,37,Home,2,No,Agency,1237228.18,4,996.7025,1,C1 — Global Investors
C0584,Individual,F,Usa,California,41,Home,5,No,Website,1135691.62,3,1350.9733333333334,1,C1 — Global Investors
C0585,Individual,M,Usa,Colorado,62,Home,3,No,Agency,1003690.1799999999,4,886.4275,0,C1 — Global Investors
C0586,Individual,M,Usa,California,46,Home,2,Yes,Client,1226524.31,3,1286.4266666666667,1,C1 — Global Investors
C0587,Individual,F,Usa,New York,31,Home,4,No,Website,1093439.8399999999,4,911.785,1,C1 — Global Investors
C0588,Individual,F,Usa,Florida,34,Home,2,No,Website,1495976.1400000001,4,1271.345,2,C1 — Global Investors
C0589,Individual,M,Usa,Texas,77,Investment,5,No,Client,1982246.22,4,1699.3675,2,C1 — Global Investors
C0590,Individual,M,Uk,Scotland,57,Investment,2,No,Website,1105388.8900000001,4,935.765,1,C1 — Global Investors
C0591,Individual,F,Usa,Nevada,55,Home,1,No,Website,1336217.65,3,1460.493333333333,1,C1 — Global Investors
C0592,Individual,M,Usa,Arizona,51,Investment,2,No,Client,787516.58,3,851.4266666666667,1,C1 — Global Investors
C0593,Individual,F,Usa,California,71,Home,2,Yes,Agency,2012063.38,4,1575.1075,2,C1 — Global Investors
C0594,Individual,F,Usa,Utah,81,Home,1,No,Agency,1137572.87,3,1221.6766666666665,1,C1 — Global Investors
C0595,Individual,F,Usa,Utah,57,Home,3,No,Agency,914304.97,3,934.4333333333334,0,C1 — Global Investors
C0596,Individual,M,Usa,Nevada,47,Home,4,No,Agency,1094771.49,4,1023.9675,0,C1 — Global Investors
C0597,Individual,M,Uk,Northern Ireland,37,Home,2,Yes,Website,976844.1699999999,3,1033.6200000000001,1,C1 — Global Investors
C0598,Individual,M,Usa,Colorado,74,Investment,4,No,Website,1398930.7000000002,4,1135.53,1,C1 — Global Investors
C0599,Individual,F,Canada,Alberta,25,Home,2,No,Agency,1162815.78,3,1354.0866666666668,1,C1 — Global Investors
C0600,Individual,M,Usa,Oregon,39,Investment,1,No,Client,917709.61,3,1042.71,1,C1 — Global Investors
C0601,Individual,F,Usa,California,51,Home,4,No,Website,1700411.72,4,1307.3,2,C1 — Global Investors
C0602,Individual,M,Germany,Bavaria,39,Home,4,No,Agency,905508.82,4,748.33,0,C1 — Global Investors
C0603,Individual,F,Usa,New York,29,Home,4,Yes,Agency,1218095.3,4,1027.81,1,C1 — Global Investors
C0604,Individual,F,Belgium,Wallonia,25,Home,1,No,Agency,791133.03,3,919.0466666666666,0,C1 — Global Investors
C0605,Individual,M,Usa,Utah,49,Home,4,Yes,Agency,1407314.33,4,1267.07,0,C1 — Global Investors
C0606,Individual,F,France,Ile-De-France,74,Investment,1,No,Website,1070969.53,3,1146.2633333333333,1,C1 — Global Investors
C0607,Individual,M,Usa,California,61,Home,1,No,Agency,1125230.1199999999,3,1371.6133333333335,1,C1 — Global Investors
C0608,Individual,M,Usa,California,67,Home,4,No,Agency,1201411.56,4,1018.5225,0,C1 — Global Investors
C0609,Individual,F,Usa,Washington,62,Home,4,No,Agency,1307567.64,4,1255.1325000000002,1,C1 — Global Investors
C0610,Individual,F,Usa,California,53,Investment,4,No,Website,1178597.68,3,1339.73,1,C1 — Global Investors
C0611,Individual,M,Usa,California,73,Home,4,No,Agency,1142671.94,4,997.415,1,C1 — Global Investors
C0612,Individual,M,Usa,Florida,63,Home,4,No,Agency,1671846.3,4,1389.15,2,C1 — Global Investors
C0613,Individual,F,Australia,Victoria,28,Home,4,No,Agency,1186019.52,3,1366.5633333333335,1,C1 — Global Investors
C0614,Individual,M,Uk,Wales,51,Home,3,Yes,Website,1025958.38,4,858.9825,0,C1 — Global Investors
C0615,Individual,M,Usa,Utah,66,Home,2,Yes,Website,919002.01,4,748.33,1,C1 — Global Investors
C0616,Individual,F,Usa,Virginia,60,Investment,1,Yes,Agency,1013364.3,3,1074.6233333333332,0,C1 — Global Investors
C0617,Individual,F,Usa,Ohio,37,Home,5,Yes,Website,766861.21,3,849.6366666666667,1,C1 — Global Investors
C0618,Individual,M,Usa,Texas,55,Home,3,No,Agency,982803.0,3,1113.29,0,C1 — Global Investors
C0619,Individual,F,Usa,Washington,53,Home,4,No,Website,1411977.41,3,1471.8999999999999,2,C1 — Global Investors
C0620,Individual,F,France,Brittany,63,Home,3,No,Website,1532429.29,3,1504.28,2,C1 — Global Investors
C0621,Individual,M,Germany,Bavaria,41,Investment,3,Yes,Agency,791609.11,3,869.7866666666667,1,C1 — Global Investors
C0622,Individual,F,Usa,Washington,36,Investment,2,No,Client,869334.73,3,980.8699999999999,1,C1 — Global Investors
C0623,Individual,M,Usa,Florida,37,Investment,3,Yes,Client,1410333.45,4,1146.02,0,C1 — Global Investors
C0624,Individual,M,Usa,Nevada,23,Investment,3,No,Agency,1215611.54,3,1413.8666666666668,1,C1 — Global Investors
C0625,Individual,F,Belgium,Flanders,40,Investment,2,Yes,Agency,1000166.88,4,851.0225,0,C1 — Global Investors
C0626,Individual,F,Germany,Hamburg,55,Investment,2,No,Website,1061694.1300000001,3,1244.5566666666666,1,C1 — Global Investors
C0627,Individual,F,Usa,Arizona,23,Home,3,No,Agency,1870806.42,4,1726.0575,2,C1 — Global Investors
C0628,Individual,M,Canada,British Columbia,38,Home,3,Yes,Agency,1623109.63,4,1250.39,2,C1 — Global Investors
C0629,Individual,F,Usa,California,77,Investment,2,No,Agency,961721.77,3,1129.1766666666665,1,C1 — Global Investors
C0630,Individual,M,Usa,California,58,Home,2,No,Website,1308077.6099999999,4,1075.5049999999999,0,C1 — Global Investors
C0631,Individual,F,Usa,California,57,Home,5,No,Website,1534891.22,4,1227.645,2,C1 — Global Investors
C0632,Individual,M,Uk,Northern Ireland,75,Home,4,No,Website,1146845.98,4,947.7475,1,C1 — Global Investors
C0633,Individual,F,Usa,Nevada,82,Home,3,No,Agency,1207516.26,4,928.745,1,C1 — Global Investors
C0634,Individual,M,Usa,Washington,43,Investment,4,Yes,Website,1181693.63,3,1393.1066666666666,0,C1 — Global Investors
C0635,Individual,F,Uk,Scotland,63,Investment,5,No,Website,1375700.03,3,1460.493333333333,0,C1 — Global Investors
C0636,Individual,F,France,Brittany,43,Home,5,No,Website,981810.0800000001,4,827.3575000000001,1,C1 — Global Investors
C0637,Individual,F,Usa,California,56,Home,2,No,Website,1602478.07,4,1296.5625,2,C1 — Global Investors
C0638,Individual,M,Usa,Ohio,48,Home,5,Yes,Website,1347045.42,4,1204.4975,0,C1 — Global Investors
C0639,Individual,M,Uk,Scotland,62,Home,3,Yes,Website,861670.72,3,1008.1300000000001,1,C1 — Global Investors
C0640,Individual,F,Usa,Utah,56,Home,3,No,Agency,772950.1699999999,3,915.6366666666667,1,C1 — Global Investors
C0641,Company,M,Usa,Arizona,29,Home,2,No,Agency,1217213.26,3,1240.6066666666666,3,C3 — Corporate Buyers
C0642,Individual,F,Usa,California,56,Home,4,No,Website,1027140.61,3,1161.5433333333333,1,C1 — Global Investors
C0643,Individual,F,Usa,California,49,Home,5,No,Website,928645.01,3,1016.5033333333334,1,C1 — Global Investors
C0644,Individual,F,Usa,California,67,Home,4,Yes,Agency,1549624.23,3,1630.1366666666665,2,C1 — Global Investors
C0645,Individual,M,Usa,Nevada,35,Home,2,No,Client,731453.53,3,862.11,1,C1 — Global Investors
C0646,Individual,F,Usa,Arizona,28,Investment,5,No,Agency,1325311.83,3,1464.0166666666667,1,C1 — Global Investors
C0647,Individual,F,Usa,California,77,Home,4,No,Agency,2115520.42,4,1676.3825,2,C1 — Global Investors
C0648,Individual,F,Usa,California,24,Home,1,Yes,Website,1142985.38,4,984.6475,1,C1 — Global Investors
C0649,Individual,F,Usa,California,28,Home,4,No,Agency,1401448.51,4,1136.6925,0,C1 — Global Investors
C0650,Company,M,France,Occitanie,47,Home,3,Yes,Client,799742.26,3,932.37,3,C3 — Corporate Buyers
C0651,Company,M,Usa,Washington,30,Home,1,No,Agency,1077094.73,4,948.7574999999999,3,C3 — Corporate Buyers
C0652,Individual,F,Usa,Washington,30,Home,2,No,Website,904157.22,3,985.5433333333334,1,C1 — Global Investors
C0653,Individual,M,Usa,Ohio,53,Home,2,No,Client,1215543.15,4,1053.27,0,C1 — Global Investors
C0654,Individual,M,Usa,New York,63,Home,2,Yes,Website,865293.89,3,1015.9399999999999,0,C1 — Global Investors
C0655,Individual,F,Usa,Nevada,73,Home,1,Yes,Agency,1071763.22,3,1138.4233333333334,1,C1 — Global Investors
C0656,Individual,F,Usa,Colorado,46,Home,5,No,Client,1288383.38,4,1190.4075,0,C1 — Global Investors
C0657,Individual,M,Usa,California,67,Home,2,No,Agency,1258111.3199999998,3,1338.1466666666668,1,C1 — Global Investors
C0658,Individual,F,Usa,Virginia,24,Home,3,Yes,Agency,1122021.28,3,1271.67,0,C1 — Global Investors
C0659,Individual,F,Usa,California,35,Home,4,Yes,Agency,1000550.86,4,832.615,0,C1 — Global Investors
C0660,Individual,M,Usa,Arizona,32,Home,4,Yes,Client,1148308.35,3,1337.0533333333333,1,C1 — Global Investors
C0661,Individual,F,Canada,Manitoba,62,Home,3,No,Website,1627713.0499999998,4,1299.3274999999999,2,C1 — Global Investors
C0662,Individual,F,Usa,California,66,Investment,3,No,Website,1520239.97,4,1175.235,1,C1 — Global Investors
C0663,Individual,M,Usa,California,65,Home,2,Yes,Agency,1544313.34,4,1234.8075,2,C1 — Global Investors
C0664,Individual,M,Canada,Alberta,65,Investment,5,Yes,Website,1063024.57,4,897.47,0,C1 — Global Investors
C0665,Individual,M,Usa,Colorado,64,Investment,1,No,Agency,704886.02,3,765.68,1,C1 — Global Investors
C0666,Individual,F,Usa,California,75,Investment,1,No,Website,1532074.27,4,1271.345,2,C1 — Global Investors
C0667,Individual,M,Usa,Arizona,57,Investment,2,No,Agency,1486560.06,4,1295.2649999999999,2,C1 — Global Investors
C0668,Individual,F,France,Ile-De-France,45,Investment,4,Yes,Website,987175.01,4,824.2025,1,C1 — Global Investors
C0669,Individual,F,Canada,British Columbia,65,Home,3,No,Agency,1366533.49,3,1599.3433333333332,2,C1 — Global Investors
C0670,Company,M,Usa,Nevada,47,Investment,4,No,Website,1631973.5499999998,3,1800.45,3,C3 — Corporate Buyers
C0671,Individual,M,Usa,Colorado,82,Home,4,Yes,Client,759678.12,3,849.6366666666667,1,C1 — Global Investors
C0672,Individual,F,Usa,California,56,Home,2,No,Website,1301968.05,3,1452.2633333333333,0,C1 — Global Investors
C0673,Individual,F,Usa,California,58,Home,4,No,Website,870503.9000000001,3,1012.96,1,C1 — Global Investors
C0674,Individual,F,Usa,California,37,Investment,4,No,Website,1733438.52,4,1365.9450000000002,2,C1 — Global Investors
C0675,Individual,F,Usa,Texas,54,Home,5,No,Website,1117159.17,3,1113.29,0,C1 — Global Investors
C0676,Individual,F,Usa,Nevada,81,Home,2,No,Agency,1022396.03,3,989.0566666666667,0,C1 — Global Investors
C0677,Individual,M,Usa,Arizona,42,Investment,2,No,Agency,1217015.1099999999,4,1024.3375,0,C1 — Global Investors
C0678,Individual,M,Usa,California,51,Home,4,Yes,Website,904050.87,3,897.3100000000001,0,C1 — Global Investors
C0679,Individual,F,Usa,Nevada,59,Home,1,No,Agency,1945371.6800000002,4,1726.0575,2,C1 — Global Investors
C0680,Individual,M,Usa,Utah,58,Investment,2,No,Agency,1533727.71,4,1333.2775,2,C1 — Global Investors
C0681,Company,F,Usa,California,46,Home,3,No,Agency,736696.97,4,658.8625,3,C3 — Corporate Buyers
C0682,Individual,M,Usa,California,50,Home,5,No,Website,1436006.22,4,1214.5625,2,C1 — Global Investors
C0683,Individual,M,Usa,Colorado,75,Home,2,Yes,Agency,1216565.53,3,1463.22,1,C1 — Global Investors
C0684,Individual,M,Usa,California,38,Home,1,No,Agency,1402625.45,4,1120.62,0,C1 — Global Investors
C0685,Individual,F,Usa,Washington,36,Home,5,No,Agency,1129835.06,3,1228.5033333333333,0,C1 — Global Investors
C0686,Individual,M,Usa,California,60,Home,1,Yes,Website,1250166.33,3,1369.7300000000002,1,C1 — Global Investors
C0687,Individual,F,Usa,Utah,64,Home,3,Yes,Website,1532604.0,4,1210.7375000000002,2,C1 — Global Investors
C0688,Individual,F,Usa,Colorado,55,Investment,5,Yes,Website,1093762.42,4,868.5725,0,C1 — Global Investors
C0689,Individual,F,Usa,California,25,Home,4,No,Website,1051259.37,3,1186.05,0,C1 — Global Investors
C0690,Individual,F,Usa,Oregon,38,Home,4,Yes,Agency,1402023.24,4,1150.3275,0,C1 — Global Investors
C0691,Individual,M,Usa,California,80,Investment,4,No,Agency,948552.89,4,816.16,1,C1 — Global Investors
C0692,Individual,M,Usa,Georgia,59,Investment,3,No,Agency,1206585.87,4,1011.5875,1,C1 — Global Investors
C0693,Individual,M,Usa,California,66,Investment,5,Yes,Agency,1831502.92,4,1498.6825,2,C1 — Global Investors
C0694,Company,M,Uk,Scotland,34,Investment,2,No,Website,1287767.07,4,1063.04,3,C3 — Corporate Buyers
C0695,Individual,M,Usa,Washington,76,Home,4,No,Website,870451.65,3,934.8733333333333,0,C1 — Global Investors
C0696,Individual,F,Usa,Washington,29,Investment,5,Yes,Agency,1417025.49,4,1246.6175,0,C1 — Global Investors
C0697,Individual,M,Usa,California,37,Investment,4,Yes,Agency,1203571.2,4,1036.6525,1,C1 — Global Investors
C0698,Individual,F,Usa,California,77,Home,2,Yes,Website,1560635.51,4,1286.9575,2,C1 — Global Investors
C0699,Individual,M,Usa,Washington,37,Home,1,Yes,Agency,1292445.15,3,1357.1933333333334,1,C1 — Global Investors
C0700,Individual,F,Usa,Washington,79,Home,5,No,Website,724453.7,3,851.4266666666667,1,C1 — Global Investors
C0701,Individual,F,Uk,England,61,Investment,1,No,Website,1318537.76,4,1050.5725,1,C1 — Global Investors
C0702,Individual,M,Usa,Arizona,57,Home,5,No,Agency,1215022.0,3,1303.7766666666666,1,C1 — Global Investors
C0703,Company,M,Usa,Colorado,39,Home,3,No,Website,938073.5700000001,3,1023.8800000000001,3,C3 — Corporate Buyers
C0704,Individual,F,Usa,Georgia,81,Home,4,No,Agency,1130778.86,3,1194.9266666666665,0,C1 — Global Investors
C0705,Individual,M,Usa,Nevada,83,Home,3,No,Website,1643383.67,3,1680.5266666666666,2,C1 — Global Investors
C0706,Individual,M,Uk,England,39,Investment,2,No,Client,1034954.84,3,1162.6166666666666,1,C1 — Global Investors
C0707,Individual,M,Usa,Virginia,28,Home,5,Yes,Website,1171255.22,4,956.935,0,C1 — Global Investors
C0708,Individual,M,Usa,California,59,Home,2,No,Client,1539340.8699999999,3,1523.6933333333334,2,C1 — Global Investors
C0709,Individual,F,Usa,Georgia,41,Home,2,Yes,Agency,1233960.52,4,1009.23,1,C1 — Global Investors
C0710,Individual,M,Usa,Oregon,77,Home,2,Yes,Agency,1158001.3599999999,4,939.3575,1,C1 — Global Investors
C0711,Individual,F,Usa,California,28,Investment,3,No,Agency,1045658.54,4,905.7525,0,C1 — Global Investors
C0712,Individual,M,Usa,California,32,Home,1,No,Agency,701688.31,3,842.68,0,C1 — Global Investors
C0713,Individual,F,Usa,California,26,Investment,3,No,Agency,946537.74,3,1125.17,1,C1 — Global Investors
C0714,Individual,M,Russia,Saint Petersburg,46,Home,3,No,Website,1520218.18,3,1680.5266666666666,2,C1 — Global Investors
C0715,Individual,F,Usa,Utah,41,Home,3,No,Website,1151372.75,3,1340.7666666666667,0,C1 — Global Investors
C0716,Individual,M,Uk,Northern Ireland,29,Home,1,No,Client,1173245.74,3,1334.1000000000001,0,C1 — Global Investors
C0717,Individual,F,Usa,Arizona,77,Investment,3,Yes,Agency,1000529.6699999999,3,1156.5633333333333,0,C1 — Global Investors
C0718,Individual,F,France,Ile-De-France,79,Home,2,Yes,Website,900157.9099999999,3,1123.8033333333333,0,C1 — Global Investors
C0719,Individual,M,Usa,California,49,Investment,2,Yes,Agency,912916.77,3,1023.8800000000001,1,C1 — Global Investors
C0720,Individual,F,Usa,California,42,Investment,1,Yes,Agency,844316.69,4,678.3725,0,C1 — Global Investors
C0721,Individual,F,Usa,Florida,24,Home,4,No,Website,1167212.02,4,939.4875,0,C1 — Global Investors
C0722,Individual,F,Usa,Texas,80,Home,1,No,Website,936104.05,3,1033.4833333333333,1,C1 — Global Investors
C0723,Individual,F,Germany,North Rhine-Westphalia,24,Home,3,Yes,Website,1554043.79,3,1671.7666666666667,2,C1 — Global Investors
C0724,Individual,M,Usa,Arizona,63,Investment,4,Yes,Agency,1564795.28,4,1255.1325000000002,2,C1 — Global Investors
C0725,Individual,F,Usa,New York,40,Home,3,No,Website,1557779.53,3,1733.68,2,C1 — Global Investors
C0726,Individual,F,Usa,Georgia,46,Home,4,No,Website,1055406.17,4,901.245,0,C1 — Global Investors
C0727,Individual,M,Usa,California,82,Investment,3,Yes,Client,1924218.25,4,1425.7675,2,C1 — Global Investors
C0728,Individual,M,Usa,California,52,Home,3,Yes,Agency,896046.43,3,934.8733333333333,0,C1 — Global Investors
C0729,Individual,M,Usa,Washington,79,Investment,3,Yes,Agency,1100578.42,3,1280.28,0,C1 — Global Investors
C0730,Individual,M,Usa,California,35,Investment,4,No,Website,1395460.54,3,1435.6633333333332,1,C1 — Global Investors
C0731,Individual,M,Usa,California,23,Home,5,No,Agency,2163873.35,4,1699.3675,2,C1 — Global Investors
C0732,Individual,M,Usa,Oregon,38,Home,5,No,Website,1763602.47,4,1454.35,2,C1 — Global Investors
C0733,Individual,F,Usa,Nevada,47,Home,5,No,Agency,1610480.1,3,1609.0333333333335,2,C1 — Global Investors
C0734,Individual,F,Usa,Virginia,42,Investment,5,Yes,Client,894573.22,3,1077.3333333333333,0,C1 — Global Investors
C0735,Individual,M,Germany,Hesse,29,Investment,4,No,Website,1082670.51,3,1129.1766666666665,0,C1 — Global Investors
C0736,Individual,M,Usa,Utah,81,Investment,3,No,Agency,961660.45,3,1049.5133333333333,1,C1 — Global Investors
C0737,Individual,M,Usa,California,45,Investment,3,No,Agency,1271295.42,3,1435.6633333333332,1,C1 — Global Investors
C0738,Individual,M,Usa,Texas,43,Home,5,No,Website,1217179.49,4,955.7625,1,C1 — Global Investors
C0739,Individual,M,Usa,California,58,Home,2,No,Agency,1239915.48,4,1096.12,0,C1 — Global Investors
C0740,Individual,F,Usa,Utah,57,Investment,1,No,Client,1150084.72,3,1176.2366666666667,0,C1 — Global Investors
C0741,Individual,F,Usa,California,61,Home,2,No,Website,808100.3,3,952.0733333333334,0,C1 — Global Investors
C0742,Individual,M,Uk,Wales,43,Home,1,Yes,Website,943082.4199999999,3,1078.7866666666666,0,C1 — Global Investors
C0743,Individual,M,Usa,Oregon,51,Investment,4,Yes,Website,973707.31,3,1145.4666666666665,1,C1 — Global Investors
C0744,Individual,F,Usa,Virginia,73,Home,1,No,Website,947393.7,3,939.3299999999999,0,C1 — Global Investors
C0745,Individual,F,Usa,California,26,Investment,5,No,Website,1137226.12,4,940.485,1,C1 — Global Investors
C0746,Individual,M,Uk,Scotland,67,Home,4,No,Website,1485041.45,4,1120.62,2,C1 — Global Investors
C0747,Individual,M,Usa,Florida,31,Home,4,Yes,Website,1321142.35,3,1435.6633333333332,0,C1 — Global Investors
C0748,Company,F,Usa,California,49,Home,1,Yes,Client,1188736.23,3,1332.34,3,C3 — Corporate Buyers
C0749,Individual,F,Usa,New York,31,Home,5,No,Agency,1170883.93,3,1258.6899999999998,1,C1 — Global Investors
C0750,Individual,F,Usa,Nevada,47,Investment,1,No,Agency,887696.78,3,964.2666666666665,0,C1 — Global Investors
C0751,Individual,M,Usa,California,49,Home,5,No,Client,1055948.97,4,967.0,1,C1 — Global Investors
C0752,Individual,F,Belgium,Brussels,69,Investment,3,No,Agency,836214.24,4,725.4225,0,C1 — Global Investors
C0753,Individual,M,Germany,Hamburg,63,Home,5,No,Website,1053102.32,4,868.5725,1,C1 — Global Investors
C0754,Individual,F,Usa,Arizona,53,Investment,3,No,Website,1300009.56,4,1037.4175,0,C1 — Global Investors
C0755,Company,F,Usa,California,56,Home,5,No,Website,1040997.25,3,1286.4833333333333,3,C3 — Corporate Buyers
C0756,Individual,F,Usa,Utah,60,Home,5,Yes,Website,785768.09,3,934.8733333333333,1,C1 — Global Investors
C0757,Individual,M,Usa,Oregon,77,Home,3,Yes,Website,1392690.1199999999,4,1053.27,0,C1 — Global Investors
C0758,Individual,M,Usa,California,65,Investment,2,No,Website,1135189.16,4,928.1775,0,C1 — Global Investors
C0759,Individual,M,Usa,Florida,32,Home,4,No,Website,1327801.32,3,1451.5366666666666,1,C1 — Global Investors
C0760,Individual,F,Usa,California,59,Investment,3,No,Website,1288008.21,4,1133.69,1,C1 — Global Investors
C0761,Individual,F,Belgium,Flanders,42,Home,2,No,Agency,1387948.07,4,1134.4225000000001,1,C1 — Global Investors
C0762,Individual,F,Usa,Ohio,56,Home,4,No,Website,1456185.33,4,1313.38,2,C1 — Global Investors
C0763,Company,F,Usa,Georgia,52,Home,3,No,Agency,1036781.97,3,1152.5966666666666,3,C3 — Corporate Buyers
C0764,Individual,F,Uk,Northern Ireland,40,Investment,4,No,Client,1670624.74,4,1441.655,2,C1 — Global Investors
C0765,Individual,M,France,Brittany,56,Home,3,No,Website,1516418.29,4,1260.0625,2,C1 — Global Investors
C0766,Individual,M,Germany,North Rhine-Westphalia,29,Home,3,Yes,Client,1601876.1400000001,4,1286.2725,2,C1 — Global Investors
C0767,Individual,M,Canada,British Columbia,62,Investment,2,No,Agency,1403932.48,4,1242.0825,0,C1 — Global Investors
C0768,Individual,M,Denmark,Southern Denmark,31,Investment,5,Yes,Website,1048127.47,3,1163.8866666666665,0,C1 — Global Investors
C0769,Individual,F,Usa,Ohio,65,Home,4,No,Agency,675607.7899999999,3,753.3133333333334,0,C1 — Global Investors
C0770,Individual,F,Russia,Krasnodar Krai,72,Home,4,No,Website,984598.73,3,1104.51,1,C1 — Global Investors
C0771,Company,M,Usa,California,39,Home,1,No,Website,1856997.08,4,1408.3274999999999,3,C3 — Corporate Buyers
C0772,Individual,M,Usa,California,32,Investment,1,No,Client,911164.52,3,1038.2,0,C1 — Global Investors
C0773,Individual,M,Russia,Saint Petersburg,59,Home,1,No,Website,1451465.46,4,1153.0825,0,C1 — Global Investors
C0774,Individual,M,Usa,Georgia,40,Home,5,Yes,Agency,999792.6799999999,3,1144.8033333333333,1,C1 — Global Investors
C0775,Individual,F,Usa,Arizona,48,Home,1,No,Agency,1043608.37,4,900.39,0,C1 — Global Investors
C0776,Individual,F,Germany,Bavaria,57,Home,4,Yes,Agency,914465.3300000001,3,980.8699999999999,0,C1 — Global Investors
C0777,Company,M,Usa,Arizona,41,Home,1,No,Client,1130759.4100000001,3,1313.16,3,C3 — Corporate Buyers
C0778,Individual,M,Usa,California,25,Investment,4,Yes,Agency,1646921.92,4,1334.8775,2,C1 — Global Investors
C0779,Individual,F,Usa,California,70,Home,5,Yes,Agency,1221957.12,3,1325.0800000000002,1,C1 — Global Investors
C0780,Individual,F,Usa,California,76,Home,3,No,Website,708761.6900000001,3,849.6366666666667,1,C1 — Global Investors
C0781,Individual,M,Usa,California,83,Investment,5,Yes,Website,1181206.69,4,1030.635,0,C1 — Global Investors
C0782,Individual,M,Usa,Utah,53,Investment,2,Yes,Website,1166638.1600000001,4,905.0375,0,C1 — Global Investors
C0783,Individual,F,Canada,Alberta,62,Home,1,Yes,Agency,1031472.36,3,1156.5633333333333,1,C1 — Global Investors
C0784,Individual,M,Mexico,Baja California,50,Investment,4,No,Website,1172514.65,3,1356.7466666666667,1,C1 — Global Investors
C0785,Company,F,Usa,California,52,Home,2,No,Website,1047112.48,4,860.9325,3,C3 — Corporate Buyers
C0786,Individual,F,Usa,California,40,Investment,3,No,Website,663797.37,3,724.0866666666667,0,C1 — Global Investors
C0787,Individual,M,Usa,Washington,73,Home,1,No,Website,1405947.6600000001,3,1527.8633333333335,2,C1 — Global Investors
C0788,Individual,M,France,Brittany,79,Investment,4,No,Website,1799447.01,4,1482.5875,2,C1 — Global Investors
C0789,Individual,F,Canada,Ontario,49,Investment,1,No,Website,1125271.6,3,1228.9099999999999,0,C1 — Global Investors
C0790,Individual,M,Usa,California,49,Home,5,Yes,Agency,1521440.8599999999,4,1227.17,2,C1 — Global Investors
C0791,Individual,M,Usa,Texas,40,Home,4,No,Website,1424465.81,4,1159.9675,0,C1 — Global Investors
C0792,Individual,M,Usa,California,41,Investment,4,Yes,Website,1559979.82,4,1219.85,2,C1 — Global Investors
C0793,Individual,M,Usa,New York,54,Home,4,No,Agency,1245234.35,4,1048.44,1,C1 — Global Investors
C0794,Individual,M,Usa,California,72,Home,4,Yes,Website,1120488.77,3,1308.5133333333333,1,C1 — Global Investors
C0795,Individual,M,Usa,California,54,Investment,4,Yes,Website,1170869.0899999999,3,1169.0466666666669,1,C1 — Global Investors
C0796,Individual,F,Usa,California,40,Investment,5,Yes,Website,559596.54,3,607.4466666666667,1,C1 — Global Investors
C0797,Individual,F,Usa,Oregon,33,Home,5,Yes,Agency,881179.3,3,851.8699999999999,0,C1 — Global Investors
C0798,Company,M,Usa,Nevada,58,Home,4,Yes,Agency,987267.48,4,840.8725,3,C3 — Corporate Buyers
C0799,Individual,F,Usa,California,69,Home,4,No,Website,1108935.8599999999,4,972.245,1,C1 — Global Investors
C0800,Individual,M,Usa,Virginia,49,Investment,5,Yes,Website,983573.1799999999,3,1151.5466666666666,1,C1 — Global Investors
C0801,Individual,F,Usa,Washington,54,Home,4,Yes,Website,1361712.2999999998,3,1435.6633333333332,1,C1 — Global Investors
C0802,Individual,M,Usa,Virginia,53,Home,5,No,Agency,1074480.81,3,1217.58,1,C1 — Global Investors
C0803,Individual,F,Usa,Texas,78,Home,4,No,Agency,1542819.53,4,1329.5925,2,C1 — Global Investors
C0804,Individual,M,Usa,Washington,56,Home,5,No,Agency,1223755.92,3,1464.8466666666666,0,C1 — Global Investors
C0805,Individual,M,Germany,Berlin,70,Home,1,Yes,Website,940964.73,3,995.5099999999999,1,C1 — Global Investors
C0806,Individual,M,France,Ile-De-France,34,Home,5,No,Client,1485168.27,4,1220.42,1,C1 — Global Investors
C0807,Individual,F,Mexico,Mexico City,30,Investment,5,No,Website,1635419.92,4,1412.375,2,C1 — Global Investors
C0808,Individual,M,Germany,Berlin,80,Home,3,Yes,Website,885158.15,3,1003.3133333333334,1,C1 — Global Investors
C0809,Individual,F,France,Occitanie,56,Home,5,Yes,Agency,1386118.19,3,1464.8466666666666,1,C1 — Global Investors
C0810,Individual,M,Usa,California,28,Home,1,Yes,Website,922597.5800000001,3,915.6366666666667,1,C1 — Global Investors
C0811,Individual,M,Uk,Wales,78,Home,3,No,Agency,1515201.05,3,1471.8999999999999,2,C1 — Global Investors
C0812,Individual,M,Uk,Northern Ireland,49,Home,3,Yes,Website,1443224.01,4,1248.58,2,C1 — Global Investors
C0813,Individual,M,Uk,Scotland,49,Investment,3,No,Agency,1314024.52,4,1099.4925,0,C1 — Global Investors
C0814,Individual,F,Usa,California,59,Home,2,No,Website,674363.74,3,706.7266666666666,1,C1 — Global Investors
C0815,Company,F,Usa,Nevada,58,Home,4,Yes,Agency,962374.6499999999,3,1205.9633333333334,3,C3 — Corporate Buyers
C0816,Individual,F,Germany,Hamburg,76,Home,2,Yes,Website,1003090.8500000001,3,1151.5466666666666,0,C1 — Global Investors
C0817,Individual,F,Usa,California,51,Investment,1,No,Website,1338281.0,3,1448.82,0,C1 — Global Investors
C0818,Company,F,Usa,Colorado,32,Home,2,No,Website,760443.3500000001,4,677.79,3,C3 — Corporate Buyers
C0819,Individual,M,Usa,California,72,Home,5,No,Website,1239378.27,3,1313.16,1,C1 — Global Investors
C0820,Individual,F,Usa,Texas,83,Investment,4,No,Agency,920197.78,3,976.2833333333333,1,C1 — Global Investors
C0821,Individual,F,Usa,California,66,Home,5,Yes,Agency,1371213.26,3,1467.89,0,C1 — Global Investors
C0822,Individual,F,Usa,California,64,Investment,3,Yes,Website,1407630.29,3,1563.9733333333334,2,C1 — Global Investors
C0823,Individual,F,Usa,Oregon,48,Investment,5,Yes,Agency,1722388.8900000001,4,1338.9,2,C1 — Global Investors
C0824,Individual,M,Usa,California,47,Home,3,No,Agency,1234378.85,3,1435.6633333333332,0,C1 — Global Investors
C0825,Individual,F,Mexico,Nuevo Leon,41,Home,4,Yes,Agency,1246198.0,4,1075.0475000000001,1,C1 — Global Investors
C0826,Individual,M,Usa,Ohio,53,Investment,4,Yes,Website,1255265.82,4,996.1925,0,C1 — Global Investors
C0827,Individual,F,Usa,Washington,58,Home,2,Yes,Website,1176467.77,4,1025.3225,0,C1 — Global Investors
C0828,Individual,F,Usa,Arizona,76,Investment,4,Yes,Website,1313574.2,4,1122.0925,0,C1 — Global Investors
C0829,Individual,M,Usa,Utah,63,Investment,3,No,Website,1296844.19,4,1102.08,1,C1 — Global Investors
C0830,Individual,M,Usa,Oregon,71,Investment,3,No,Agency,1518798.69,4,1169.615,1,C1 — Global Investors
C0831,Individual,F,Usa,California,46,Home,2,No,Website,909532.47,3,979.0866666666667,0,C1 — Global Investors
C0832,Individual,F,Usa,Nevada,33,Investment,3,Yes,Website,1290741.99,3,1336.61,0,C1 — Global Investors
C0833,Individual,M,Denmark,Southern Denmark,72,Home,5,No,Website,1422486.6099999999,3,1623.3,2,C1 — Global Investors
C0834,Individual,F,Usa,California,66,Home,5,No,Website,1384660.54,4,1073.905,1,C1 — Global Investors
C0835,Individual,F,Usa,California,49,Home,5,Yes,Website,1159317.69,4,941.61,0,C1 — Global Investors
C0836,Individual,M,Usa,Ohio,81,Home,4,No,Website,1280715.29,3,1493.243333333333,2,C1 — Global Investors
C0837,Individual,M,France,Brittany,56,Home,1,No,Website,1415445.71,4,1253.3075,1,C1 — Global Investors
C0838,Individual,M,Usa,Nevada,31,Investment,1,Yes,Website,837604.3,3,853.8133333333334,1,C1 — Global Investors
C0839,Individual,F,Uk,England,29,Home,5,Yes,Agency,1123967.69,3,1308.5133333333333,0,C1 — Global Investors
C0840,Individual,F,Belgium,Brussels,42,Home,1,No,Website,1508352.25,4,1329.5925,2,C1 — Global Investors
C0841,Individual,M,Belgium,Wallonia,24,Home,5,No,Website,1344816.1,4,1167.105,1,C1 — Global Investors
C0842,Individual,M,Usa,Washington,27,Home,5,Yes,Client,1082477.8199999998,4,928.745,0,C1 — Global Investors
C0843,Individual,F,Usa,Georgia,23,Home,4,No,Agency,1377127.37,3,1500.72,1,C1 — Global Investors
C0844,Individual,F,Usa,California,76,Home,2,No,Website,1363201.96,4,1187.8925000000002,0,C1 — Global Investors
C0845,Individual,F,Usa,Washington,30,Home,3,No,Client,1355270.16,3,1471.4466666666667,1,C1 — Global Investors
C0846,Individual,F,Canada,Quebec,47,Investment,3,No,Agency,1069033.77,3,1135.5233333333333,1,C1 — Global Investors
C0847,Individual,F,Usa,Utah,35,Home,2,Yes,Agency,1258765.46,4,1011.5875,0,C1 — Global Investors
C0848,Individual,M,Usa,California,56,Home,4,No,Agency,1366788.33,4,1184.9475000000002,1,C1 — Global Investors
C0849,Individual,M,Usa,Oregon,46,Home,1,Yes,Website,1262931.66,4,995.0275,1,C1 — Global Investors
C0850,Individual,F,Usa,Colorado,40,Investment,5,No,Agency,528432.48,3,610.62,1,C1 — Global Investors
C0851,Individual,M,Usa,California,30,Investment,2,Yes,Website,1482957.8800000001,4,1259.95,1,C1 — Global Investors
C0852,Individual,M,Germany,North Rhine-Westphalia,34,Home,2,No,Agency,1368458.37,4,1222.37,1,C1 — Global Investors
C0853,Individual,M,Usa,Utah,73,Home,4,No,Website,1293562.22,4,1092.085,0,C1 — Global Investors
C0854,Individual,M,Usa,California,79,Home,4,No,Website,1419031.6099999999,3,1454.4099999999999,2,C1 — Global Investors
C0855,Individual,F,Australia,Queensland,50,Home,4,No,Website,1198702.15,4,1114.2125,1,C1 — Global Investors
C0856,Individual,F,Usa,Florida,59,Home,5,Yes,Website,1565508.99,4,1226.185,2,C1 — Global Investors
C0857,Individual,F,Usa,California,72,Investment,1,Yes,Website,1431064.56,4,1146.2825,0,C1 — Global Investors
C0858,Individual,M,Usa,Nevada,29,Home,1,No,Website,972150.6,3,1156.5633333333333,0,C1 — Global Investors
C0859,Individual,F,Usa,California,81,Home,2,Yes,Agency,1440623.8900000001,4,1154.105,1,C1 — Global Investors
C0860,Individual,F,Usa,Utah,55,Home,5,Yes,Website,1362579.84,4,1148.025,1,C1 — Global Investors
C0861,Individual,F,France,Brittany,29,Investment,2,No,Agency,1527460.57,3,1635.6233333333332,0,C1 — Global Investors
C0862,Individual,F,Usa,Colorado,42,Investment,1,No,Website,1354421.9100000001,3,1527.8633333333335,1,C1 — Global Investors
C0863,Individual,M,Belgium,Wallonia,48,Home,5,Yes,Agency,1107744.96,4,984.6475,1,C1 — Global Investors
C0864,Individual,M,Usa,Texas,53,Home,3,No,Website,1085548.02,3,1156.5633333333333,0,C1 — Global Investors
C0865,Individual,F,Usa,Colorado,48,Investment,5,Yes,Website,1268059.13,4,1008.395,0,C1 — Global Investors
C0866,Individual,M,Belgium,Brussels,36,Home,3,No,Agency,1331713.08,4,1148.025,1,C1 — Global Investors
C0867,Individual,F,Usa,California,56,Home,2,No,Agency,1028747.3,3,1146.2633333333333,1,C1 — Global Investors
C0868,Individual,F,Usa,Florida,78,Home,3,Yes,Agency,987211.1699999999,3,1049.3799999999999,0,C1 — Global Investors
C0869,Individual,M,Usa,California,30,Home,4,No,Agency,858807.13,3,1012.96,1,C1 — Global Investors
C0870,Company,F,Uk,Northern Ireland,57,Home,2,Yes,Website,1097902.26,4,909.9825,3,C3 — Corporate Buyers
C0871,Individual,F,Usa,Virginia,34,Home,1,Yes,Website,1939848.53,4,1524.2725,2,C1 — Global Investors
C0872,Individual,F,Uk,England,80,Home,4,No,Website,1462320.39,4,1326.2525,2,C1 — Global Investors
C0873,Individual,M,Usa,New York,83,Home,2,No,Website,1325777.78,3,1463.22,2,C1 — Global Investors
C0874,Individual,F,Belgium,Flanders,70,Investment,2,No,Website,1490289.1099999999,4,1186.5225,1,C1 — Global Investors
C0875,Individual,M,Canada,Manitoba,51,Home,4,No,Website,1308981.48,3,1370.5533333333333,1,C1 — Global Investors
C0876,Individual,M,Usa,California,50,Home,3,No,Client,873771.52,3,971.1899999999999,1,C1 — Global Investors
C0877,Individual,F,Usa,Utah,25,Investment,2,Yes,Agency,1407650.4,3,1493.243333333333,0,C1 — Global Investors
C0878,Individual,F,Usa,Nevada,78,Home,4,Yes,Website,970670.1499999999,3,1008.13,1,C1 — Global Investors
C0879,Individual,M,Uk,Northern Ireland,78,Home,4,Yes,Website,1349121.32,3,1463.22,2,C1 — Global Investors
C0880,Individual,F,Usa,New York,82,Home,2,No,Website,1390002.6400000001,4,1151.37,0,C1 — Global Investors
C0881,Individual,F,Usa,Colorado,69,Investment,1,No,Website,1247321.2,4,1136.6925,0,C1 — Global Investors
C0882,Individual,M,Uk,Wales,23,Home,3,No,Website,1142828.1400000001,3,1435.6633333333332,0,C1 — Global Investors
C0883,Individual,M,Usa,Texas,77,Home,4,No,Client,1979258.27,4,1699.3675,2,C1 — Global Investors
C0884,Individual,M,Usa,Nevada,74,Home,2,No,Website,1021697.5,3,1209.64,0,C1 — Global Investors
C0885,Individual,M,Canada,British Columbia,82,Investment,2,Yes,Agency,1540844.02,3,1671.7666666666667,2,C1 — Global Investors
C0886,Individual,M,Usa,California,62,Home,3,Yes,Agency,807556.47,3,941.2099999999999,1,C1 — Global Investors
C0887,Individual,F,Usa,California,30,Home,3,No,Agency,1247287.09,4,1012.5575,0,C1 — Global Investors
C0888,Individual,F,Germany,Berlin,36,Home,4,Yes,Website,1104713.19,4,933.355,0,C1 — Global Investors
C0889,Individual,M,Usa,Nevada,38,Investment,4,Yes,Website,1339350.5899999999,3,1451.2533333333333,1,C1 — Global Investors
C0890,Individual,F,Usa,Virginia,68,Investment,3,Yes,Website,1138394.29,4,922.66,1,C1 — Global Investors
C0891,Individual,M,Germany,North Rhine-Westphalia,53,Investment,1,Yes,Website,1340373.08,4,1154.105,0,C1 — Global Investors
C0892,Individual,F,Usa,California,65,Investment,2,Yes,Website,984121.3999999999,3,1167.24,0,C1 — Global Investors
C0893,Individual,F,Usa,Colorado,28,Home,3,Yes,Website,1695839.47,4,1329.5925,2,C1 — Global Investors
C0894,Individual,M,Usa,Georgia,70,Home,5,No,Website,882067.47,3,932.37,1,C1 — Global Investors
C0895,Individual,F,Usa,Arizona,70,Investment,4,Yes,Website,1127680.6,3,1280.28,1,C1 — Global Investors
C0896,Individual,M,France,Brittany,53,Home,4,Yes,Agency,1157933.44,4,935.765,0,C1 — Global Investors
C0897,Individual,F,Australia,Victoria,52,Home,1,No,Website,745691.65,3,801.46,1,C1 — Global Investors
C0898,Individual,F,Usa,Arizona,70,Investment,5,Yes,Agency,836494.02,4,706.0875,0,C1 — Global Investors
C0899,Company,F,Usa,Washington,35,Investment,2,No,Website,1050407.63,3,1076.6899999999998,3,C3 — Corporate Buyers
C0900,Individual,F,Germany,North Rhine-Westphalia,24,Home,4,No,Agency,606058.22,3,753.3133333333334,1,C1 — Global Investors
C0901,Individual,M,France,Brittany,24,Investment,4,No,Agency,909138.8400000001,3,909.0566666666667,1,C1 — Global Investors
C0902,Company,F,Uk,Northern Ireland,59,Home,3,Yes,Agency,1281064.76,4,1068.57,3,C3 — Corporate Buyers
C0903,Individual,F,Usa,Texas,31,Investment,3,No,Website,1108147.6099999999,3,1240.6066666666666,1,C1 — Global Investors
C0904,Individual,F,Russia,Saint Petersburg,39,Home,1,Yes,Website,1050355.29,4,883.805,0,C1 — Global Investors
C0905,Individual,F,Usa,Virginia,30,Home,5,Yes,Website,877477.72,3,927.6066666666666,1,C1 — Global Investors
C0906,Individual,F,Usa,California,54,Investment,5,No,Website,1757967.56,4,1458.93,2,C1 — Global Investors
C0907,Individual,F,Usa,California,50,Home,3,No,Agency,1375380.46,3,1459.1899999999998,1,C1 — Global Investors
C0908,Individual,M,Usa,California,63,Home,4,Yes,Agency,1129941.35,4,825.1325,0,C1 — Global Investors
C0909,Individual,M,Usa,California,56,Investment,1,Yes,Agency,1529455.73,4,1183.04,0,C1 — Global Investors
C0910,Individual,F,Usa,Texas,52,Home,3,Yes,Agency,1293598.48,3,1238.36,0,C1 — Global Investors
C0911,Individual,M,Usa,California,34,Home,4,No,Website,1310405.32,4,972.335,1,C1 — Global Investors
C0912,Individual,F,Usa,California,74,Home,1,No,Agency,1322130.05,3,1351.4633333333334,0,C1 — Global Investors
C0913,Individual,M,Usa,California,24,Home,4,No,Agency,1935637.92,4,1552.15,2,C1 — Global Investors
C0914,Individual,F,France,Provence,75,Investment,4,No,Website,1124290.78,4,984.6475,0,C1 — Global Investors
C0915,Individual,M,Usa,Florida,75,Home,2,No,Agency,1309768.71,3,1283.46,1,C1 — Global Investors
C0916,Individual,M,Russia,Moscow Oblast,35,Home,2,No,Website,1377591.46,4,1114.105,1,C1 — Global Investors
C0917,Individual,M,Usa,Arizona,54,Home,2,Yes,Agency,756785.49,3,851.4266666666667,1,C1 — Global Investors
C0918,Individual,F,Australia,Western Australia,23,Home,4,No,Client,1461361.8699999999,3,1583.2166666666665,2,C1 — Global Investors
C0919,Individual,F,Canada,Quebec,48,Investment,5,No,Agency,1059524.55,3,1179.5233333333333,1,C1 — Global Investors
C0920,Individual,M,Usa,California,50,Home,4,No,Website,878368.79,3,934.4333333333334,1,C1 — Global Investors
C0921,Individual,F,Australia,New South Wales,24,Home,4,No,Agency,802736.76,3,900.46,1,C1 — Global Investors
C0922,Individual,M,Australia,Victoria,81,Investment,4,Yes,Website,1105753.98,3,1200.3500000000001,1,C1 — Global Investors
C0923,Individual,F,Usa,Oregon,73,Home,3,No,Client,1183422.85,4,1035.1925,1,C1 — Global Investors
C0924,Individual,F,Usa,California,35,Home,4,No,Website,1558670.83,4,1313.38,2,C1 — Global Investors
C0925,Individual,M,Germany,Hamburg,79,Home,2,No,Website,1308035.02,3,1471.8999999999999,2,C1 — Global Investors
C0926,Individual,F,Usa,California,62,Home,3,No,Website,1078841.73,3,1207.6466666666668,0,C1 — Global Investors
C0927,Individual,F,France,Ile-De-France,61,Home,4,No,Client,933499.38,3,952.2633333333333,0,C1 — Global Investors
C0928,Individual,M,Usa,California,73,Home,1,Yes,Agency,758070.13,3,883.7466666666666,0,C1 — Global Investors
C0929,Individual,M,Usa,Washington,69,Home,4,No,Website,1167841.72,3,1117.9399999999998,1,C1 — Global Investors
C0930,Individual,F,Usa,Washington,30,Investment,1,Yes,Agency,924305.53,3,1110.6233333333332,1,C1 — Global Investors
C0931,Individual,M,Usa,Nevada,46,Investment,2,Yes,Client,997418.61,3,1090.9466666666667,1,C1 — Global Investors
C0932,Individual,F,Usa,New York,74,Home,5,No,Website,1468310.6600000001,4,1196.9724999999999,2,C1 — Global Investors
C0933,Individual,F,Usa,California,68,Home,4,No,Website,1077170.94,3,1155.4633333333334,0,C1 — Global Investors
C0934,Individual,F,Uk,Northern Ireland,80,Investment,5,Yes,Website,912489.5900000001,3,1086.9833333333333,1,C1 — Global Investors
C0935,Individual,F,Canada,Manitoba,23,Home,4,No,Agency,1133032.49,3,1221.6766666666665,0,C1 — Global Investors
C0936,Individual,F,Usa,California,72,Home,3,No,Client,782945.97,3,879.3433333333332,0,C1 — Global Investors
C0937,Individual,M,Usa,Arizona,41,Home,5,No,Client,1370340.9100000001,4,1127.3175,1,C1 — Global Investors
C0938,Individual,M,Russia,Krasnodar Krai,60,Home,4,No,Website,854217.7,3,851.87,1,C1 — Global Investors
C0939,Individual,F,Belgium,Brussels,45,Investment,1,No,Website,1190833.68,4,996.3625,1,C1 — Global Investors
C0940,Individual,M,Usa,Virginia,38,Investment,5,No,Website,1628937.85,4,1332.2825,2,C1 — Global Investors
C0941,Individual,F,Mexico,Jalisco,68,Home,1,No,Agency,1028314.09,3,1089.46,0,C1 — Global Investors
C0942,Individual,F,Usa,California,32,Home,1,No,Website,1402631.76,4,1008.6625,1,C1 — Global Investors
C0943,Individual,F,Canada,Manitoba,66,Investment,5,No,Website,975048.28,3,1129.1766666666665,0,C1 — Global Investors
C0944,Individual,F,Usa,Florida,67,Home,2,No,Website,1256722.03,3,1283.46,0,C1 — Global Investors
C0945,Individual,F,France,Provence,78,Home,4,No,Website,973406.55,3,1102.8633333333335,1,C1 — Global Investors
C0946,Individual,F,Usa,Nevada,77,Investment,3,Yes,Agency,827605.63,3,897.3100000000001,1,C1 — Global Investors
C0947,Individual,F,Usa,Texas,42,Home,2,No,Website,1096583.29,3,1190.3133333333333,1,C1 — Global Investors
C0948,Individual,F,Usa,California,34,Investment,3,Yes,Website,1532000.51,4,1299.3675,0,C1 — Global Investors
C0949,Individual,F,Usa,Colorado,80,Investment,5,Yes,Client,1397057.95,4,1102.2725,0,C1 — Global Investors
C0950,Individual,F,Usa,Texas,32,Investment,5,No,Website,1418212.48,4,1146.9925,0,C1 — Global Investors
C0951,Individual,F,Mexico,Nuevo Leon,25,Home,1,Yes,Client,1658301.92,4,1290.8,2,C1 — Global Investors
C0952,Individual,F,Usa,Oregon,64,Home,5,No,Website,1886501.9300000002,4,1510.65,2,C1 — Global Investors
C0953,Company,M,Usa,Washington,28,Home,5,Yes,Website,639815.0,3,839.1433333333334,3,C3 — Corporate Buyers
C0954,Individual,M,France,Brittany,73,Investment,4,Yes,Agency,1493788.0,4,1204.4975,0,C1 — Global Investors
C0955,Individual,F,Usa,California,54,Home,1,No,Website,1098111.78,3,1205.9633333333334,1,C1 — Global Investors
C0956,Individual,M,Usa,California,57,Home,1,Yes,Website,1647197.45,4,1294.645,2,C1 — Global Investors
C0957,Company,M,Usa,Oregon,62,Home,2,Yes,Client,1295242.02,4,1072.5575,3,C3 — Corporate Buyers
C0958,Individual,F,Usa,Nevada,32,Home,1,Yes,Website,936091.4500000001,4,834.6575,1,C1 — Global Investors
C0959,Individual,M,Usa,California,71,Home,3,No,Agency,1840159.66,4,1572.79,2,C1 — Global Investors
C0960,Individual,F,Usa,Arizona,63,Investment,1,Yes,Client,1380084.58,4,1148.2475,0,C1 — Global Investors
C0961,Individual,M,Uk,Wales,49,Home,2,Yes,Website,1681311.67,4,1271.345,2,C1 — Global Investors
C0962,Individual,M,Usa,California,83,Home,4,No,Website,1335726.82,4,1114.2125,1,C1 — Global Investors
C0963,Individual,M,Canada,Alberta,82,Home,4,No,Agency,598874.99,3,678.9699999999999,0,C1 — Global Investors
C0964,Individual,F,Usa,California,70,Home,4,No,Website,1015121.6900000001,3,1168.3833333333334,1,C1 — Global Investors
C0965,Individual,F,Usa,New York,62,Investment,3,No,Website,840199.6100000001,3,862.1066666666666,0,C1 — Global Investors
C0966,Company,M,Usa,California,28,Investment,3,No,Website,1606785.0499999998,4,1510.34,3,C3 — Corporate Buyers
C0967,Individual,F,Usa,California,64,Home,2,No,Agency,705599.66,3,879.3433333333332,0,C1 — Global Investors
C0968,Individual,F,Usa,Arizona,28,Home,4,No,Website,1089074.71,3,1168.3833333333334,0,C1 — Global Investors
C0969,Individual,F,Russia,Tatarstan,47,Investment,1,Yes,Agency,1118760.19,3,1186.4366666666667,0,C1 — Global Investors
C0970,Individual,M,Denmark,North Denmark,37,Home,3,Yes,Website,1596404.25,4,1313.38,2,C1 — Global Investors
C0971,Individual,F,Usa,Colorado,54,Investment,5,Yes,Website,1278450.05,4,1011.23,1,C1 — Global Investors
C0972,Individual,F,Usa,Arizona,59,Home,5,No,Agency,1298009.03,4,1072.985,1,C1 — Global Investors
C0973,Individual,M,Usa,California,31,Investment,2,No,Client,1595817.1600000001,4,1210.7375000000002,0,C1 — Global Investors
C0974,Individual,M,Usa,New York,62,Home,1,No,Agency,1210990.11,4,1008.395,1,C1 — Global Investors
C0975,Individual,M,Usa,Utah,77,Home,4,No,Website,941310.61,3,1050.08,1,C1 — Global Investors
C0976,Individual,M,Usa,California,40,Home,4,Yes,Website,1206149.98,4,947.7475000000001,0,C1 — Global Investors
C0977,Individual,M,Usa,California,27,Home,1,No,Agency,944672.95,3,1092.5066666666667,1,C1 — Global Investors
C0978,Individual,F,Usa,California,60,Home,4,Yes,Website,1449360.9100000001,3,1526.9566666666667,2,C1 — Global Investors
C0979,Individual,F,Canada,Quebec,83,Investment,4,No,Website,864661.4500000001,3,939.3299999999999,1,C1 — Global Investors
C0980,Individual,M,Usa,New York,81,Investment,1,Yes,Website,1156326.6400000001,3,1392.5566666666666,0,C1 — Global Investors
C0981,Individual,F,Usa,California,62,Investment,1,No,Website,2048324.19,4,1555.2975000000001,2,C1 — Global Investors
C0982,Individual,F,Canada,Manitoba,62,Investment,5,Yes,Agency,1443503.73,3,1456.36,1,C1 — Global Investors
C0983,Individual,F,Germany,North Rhine-Westphalia,29,Home,4,No,Website,803219.7,3,899.62,1,C1 — Global Investors
C0984,Individual,M,Canada,British Columbia,61,Home,5,Yes,Agency,1206529.21,3,1337.1733333333334,0,C1 — Global Investors
C0985,Individual,F,Usa,California,69,Home,1,Yes,Website,886990.72,3,934.4333333333334,0,C1 — Global Investors
C0986,Individual,F,Russia,Saint Petersburg,42,Home,2,No,Website,1445226.07,3,1510.3766666666668,2,C1 — Global Investors
C0987,Individual,F,Germany,North Rhine-Westphalia,56,Home,1,Yes,Agency,1086018.36,4,984.12,0,C1 — Global Investors
C0988,Individual,M,Usa,Texas,35,Home,3,Yes,Agency,695033.8,3,724.0866666666667,1,C1 — Global Investors
C0989,Individual,F,Usa,Oregon,77,Home,4,No,Website,1129907.31,4,1035.1925,0,C1 — Global Investors
C0990,Individual,M,Usa,Utah,81,Home,4,No,Website,1588383.3599999999,4,1321.76,2,C1 — Global Investors
C0991,Individual,F,Usa,Nevada,48,Home,1,No,Website,1223116.15,3,1464.8466666666666,1,C1 — Global Investors
C0992,Individual,M,Denmark,Capital Region,35,Home,1,Yes,Website,1478482.61,4,1205.465,1,C1 — Global Investors
C0993,Individual,M,Usa,California,69,Home,2,Yes,Website,530494.44,3,610.62,1,C1 — Global Investors
C0994,Individual,M,Usa,California,47,Home,3,No,Website,1379902.8699999999,4,1187.8925000000002,1,C1 — Global Investors
C0995,Individual,F,Australia,New South Wales,74,Home,1,Yes,Website,1004120.77,3,1037.11,0,C1 — Global Investors
C0996,Individual,M,Canada,Manitoba,67,Home,2,Yes,Client,888968.0,3,941.2099999999999,0,C1 — Global Investors
C0997,Individual,M,Usa,California,73,Investment,3,Yes,Agency,1607877.07,3,1654.4733333333334,2,C1 — Global Investors
C0998,Company,F,Usa,Virginia,54,Home,4,No,Agency,1230552.15,4,1053.27,3,C3 — Corporate Buyers
C0999,Individual,F,Usa,California,54,Investment,3,No,Agency,661984.35,3,753.3133333333334,1,C1 — Global Investors
C1000,Individual,F,Usa,Utah,60,Home,2,Yes,Website,1629372.23,4,1316.6550000000002,2,C1 — Global Investors
C1001,Individual,M,Usa,California,42,Home,3,No,Website,1650296.94,4,1326.3725,2,C1 — Global Investors
C1002,Individual,M,Usa,California,56,Home,5,No,Website,1064050.72,3,1052.0866666666668,0,C1 — Global Investors
C1003,Individual,F,Usa,Nevada,46,Home,2,No,Website,1164909.23,3,1303.7766666666666,0,C1 — Global Investors
C1004,Individual,M,Usa,Oregon,41,Home,3,Yes,Website,1553467.6600000001,4,1254.045,2,C1 — Global Investors
C1005,Individual,F,Germany,Hamburg,35,Home,3,No,Client,778101.6000000001,3,993.0033333333334,0,C1 — Global Investors
C1006,Individual,F,Usa,Georgia,31,Home,1,No,Website,738938.8,3,828.39,1,C1 — Global Investors
C1007,Individual,F,Uk,England,75,Home,4,No,Agency,813104.68,3,847.0366666666667,0,C1 — Global Investors
C1008,Company,M,Usa,California,36,Home,2,No,Website,1018262.69,4,849.79,3,C3 — Corporate Buyers
C1009,Individual,F,Usa,Nevada,73,Investment,4,Yes,Agency,741160.04,3,971.1899999999999,1,C1 — Global Investors
C1010,Individual,M,Mexico,Jalisco,59,Home,4,No,Website,1331479.73,4,1077.195,0,C1 — Global Investors
C1011,Individual,F,Usa,California,71,Investment,1,No,Website,1281389.3900000001,4,1075.505,1,C1 — Global Investors
C1012,Individual,M,Usa,New York,63,Home,4,Yes,Website,1690270.5,3,1736.0333333333335,2,C1 — Global Investors
C1013,Individual,F,Usa,Oregon,29,Home,1,Yes,Website,1627907.97,4,1298.145,2,C1 — Global Investors
C1014,Individual,M,Usa,California,54,Home,3,Yes,Website,1278106.36,3,1523.6933333333334,1,C1 — Global Investors
C1015,Individual,M,Usa,California,46,Home,4,Yes,Website,884426.51,3,973.09,1,C1 — Global Investors
C1016,Individual,F,Usa,California,47,Home,4,Yes,Agency,1542774.6099999999,4,1214.5625,0,C1 — Global Investors
C1017,Individual,F,Usa,California,55,Home,1,Yes,Agency,1116371.43,4,928.745,0,C1 — Global Investors
C1018,Individual,F,Usa,Colorado,56,Home,5,Yes,Client,845680.5700000001,3,1033.4833333333333,1,C1 — Global Investors
C1019,Individual,F,Usa,Nevada,48,Home,2,No,Client,1167255.18,3,1325.0800000000002,1,C1 — Global Investors
C1020,Individual,F,Usa,California,29,Home,3,No,Agency,1248826.8599999999,4,994.0725,0,C1 — Global Investors
C1021,Individual,M,Usa,California,49,Investment,1,No,Client,1554739.9,4,1340.7775000000001,2,C1 — Global Investors
C1022,Individual,F,Usa,Colorado,39,Home,1,No,Agency,1389709.13,4,1122.0925,0,C1 — Global Investors
C1023,Individual,F,Usa,Nevada,70,Home,1,Yes,Website,1336237.87,3,1599.3433333333332,2,C1 — Global Investors
C1024,Individual,M,Usa,Arizona,54,Investment,2,No,Agency,1351032.92,3,1510.3766666666668,1,C1 — Global Investors
C1025,Individual,F,Usa,California,76,Home,1,No,Client,738424.1799999999,3,735.3566666666667,0,C1 — Global Investors
C1026,Individual,M,Usa,California,32,Investment,1,No,Agency,1440775.1,3,1452.2633333333333,1,C1 — Global Investors
C1027,Individual,M,Usa,California,47,Investment,1,Yes,Client,1554407.81,3,1649.26,2,C1 — Global Investors
C1028,Individual,M,Usa,California,81,Home,1,Yes,Website,1143826.71,4,984.12,1,C1 — Global Investors
C1029,Individual,M,Australia,Victoria,74,Home,1,No,Agency,946560.97,3,1049.3799999999999,1,C1 — Global Investors
C1030,Individual,F,Usa,Ohio,63,Home,4,No,Website,1353543.06,4,1070.475,1,C1 — Global Investors
C1031,Individual,M,Uk,England,34,Home,1,No,Website,1011333.2,3,1088.5866666666668,0,C1 — Global Investors
C1032,Individual,M,Usa,Nevada,46,Home,5,No,Website,1494289.73,4,1086.2275,1,C1 — Global Investors
C1033,Individual,M,France,Ile-De-France,61,Home,2,No,Website,1496120.51,4,1313.38,2,C1 — Global Investors
C1034,Individual,F,Usa,Colorado,44,Home,5,No,Client,1200049.6,4,970.375,0,C1 — Global Investors
C1035,Individual,M,Usa,Virginia,62,Home,2,No,Website,1528550.1300000001,4,1227.17,2,C1 — Global Investors
C1036,Individual,F,Usa,Oregon,35,Home,2,No,Agency,1176436.08,3,1350.4933333333333,1,C1 — Global Investors
C1037,Company,M,Mexico,Baja California,53,Home,2,Yes,Website,1115637.13,3,1190.3133333333333,3,C3 — Corporate Buyers
C1038,Individual,M,Usa,California,64,Investment,3,No,Website,907128.2000000001,3,939.3299999999999,1,C1 — Global Investors
C1039,Individual,M,Usa,California,61,Home,1,Yes,Agency,1428452.94,4,1210.7375000000002,1,C1 — Global Investors
C1040,Individual,M,Usa,California,83,Investment,5,Yes,Website,901095.79,3,992.2199999999999,1,C1 — Global Investors
C1041,Individual,F,Usa,Nevada,33,Home,5,Yes,Website,1150040.79,3,1303.7766666666666,1,C1 — Global Investors
C1042,Individual,F,Usa,Nevada,78,Home,2,No,Agency,1325783.46,4,1122.0925,1,C1 — Global Investors
C1043,Individual,F,Usa,Washington,24,Home,5,No,Website,1067911.8599999999,3,1357.1933333333334,1,C1 — Global Investors
C1044,Individual,M,Usa,Nevada,52,Investment,5,No,Website,1368036.3900000001,4,1145.535,1,C1 — Global Investors
C1045,Individual,F,Usa,New York,81,Home,3,No,Website,974840.03,3,1060.1133333333335,0,C1 — Global Investors
C1046,Individual,F,Canada,Quebec,54,Home,4,Yes,Website,1301128.39,4,1049.6999999999998,1,C1 — Global Investors
C1047,Individual,M,Usa,Virginia,39,Home,3,No,Website,1333737.83,3,1454.5733333333335,1,C1 — Global Investors
C1048,Individual,F,Usa,Oregon,53,Investment,1,No,Agency,1349339.41,3,1439.256666666667,0,C1 — Global Investors
C1049,Individual,F,Usa,California,83,Investment,5,No,Website,1214294.1600000001,3,1451.5366666666669,1,C1 — Global Investors
C1050,Individual,M,Usa,Georgia,68,Home,4,Yes,Website,1274655.09,4,1192.72,1,C1 — Global Investors
C1051,Individual,F,Usa,Virginia,65,Home,1,Yes,Agency,894972.26,3,1016.7433333333333,0,C1 — Global Investors
C1052,Individual,F,Usa,Utah,70,Home,1,Yes,Agency,1008000.54,4,836.9425,1,C1 — Global Investors
C1053,Individual,M,Mexico,Nuevo Leon,49,Home,2,Yes,Website,1280976.9,3,1336.61,1,C1 — Global Investors
C1054,Individual,M,Usa,Arizona,34,Home,2,Yes,Website,837920.5800000001,3,879.3433333333332,0,C1 — Global Investors
C1055,Individual,M,Usa,New York,51,Investment,2,Yes,Website,811498.78,3,926.3966666666666,0,C1 — Global Investors
C1056,Individual,M,Usa,Colorado,44,Home,1,Yes,Website,1436352.77,3,1754.9366666666667,2,C1 — Global Investors
C1057,Individual,M,Usa,Nevada,29,Investment,5,No,Website,1430593.53,4,1301.4,1,C1 — Global Investors
C1058,Individual,F,Germany,Bavaria,50,Home,3,Yes,Website,1526007.8199999998,4,1190.4075,0,C1 — Global Investors
C1059,Individual,F,Usa,California,45,Home,4,No,Website,1266979.76,3,1422.97,0,C1 — Global Investors
C1060,Individual,M,Usa,Nevada,83,Home,5,No,Agency,1167625.18,3,1321.5033333333333,1,C1 — Global Investors
C1061,Individual,F,Uk,Scotland,63,Home,1,No,Website,1689767.29,4,1422.9925,2,C1 — Global Investors
C1062,Individual,M,Usa,California,48,Home,4,No,Agency,1766882.53,4,1406.6075,2,C1 — Global Investors
C1063,Individual,F,Usa,New York,35,Investment,5,Yes,Website,1315820.94,3,1354.2933333333333,0,C1 — Global Investors
C1064,Individual,M,Usa,California,78,Home,5,Yes,Website,695434.77,3,883.7466666666668,0,C1 — Global Investors
C1065,Individual,M,Usa,Georgia,68,Home,3,Yes,Client,1107631.34,3,1263.5766666666666,1,C1 — Global Investors
C1066,Individual,F,Australia,Victoria,82,Home,1,No,Website,1208868.77,4,990.9875000000001,0,C1 — Global Investors
C1067,Individual,M,Mexico,Jalisco,81,Investment,4,No,Agency,849001.36,3,904.0466666666667,0,C1 — Global Investors
C1068,Individual,F,Usa,California,39,Home,3,No,Agency,1403831.31,3,1609.0333333333335,2,C1 — Global Investors
C1069,Individual,M,Usa,Virginia,31,Home,3,Yes,Agency,1323760.8399999999,3,1413.0600000000002,1,C1 — Global Investors
C1070,Individual,F,Germany,Bavaria,72,Home,5,No,Agency,1286265.1400000001,3,1471.8999999999999,1,C1 — Global Investors
C1071,Individual,M,Usa,Texas,57,Home,2,No,Agency,1047375.62,4,874.6275,0,C1 — Global Investors
C1072,Individual,F,Usa,Utah,61,Home,3,No,Agency,829884.93,3,979.0866666666667,1,C1 — Global Investors
C1073,Individual,M,Usa,California,68,Investment,2,No,Website,1197808.83,4,952.0525,1,C1 — Global Investors
C1074,Individual,M,Uk,Northern Ireland,69,Home,1,No,Website,1004700.45,3,1092.5400000000002,0,C1 — Global Investors
C1075,Individual,F,Mexico,Baja California,48,Home,3,No,Website,1178400.08,4,984.9525,0,C1 — Global Investors
C1076,Individual,F,Usa,Florida,43,Investment,3,No,Agency,884169.44,3,976.8166666666666,1,C1 — Global Investors
C1077,Individual,M,Usa,Texas,41,Investment,2,No,Agency,1467449.24,4,1245.935,0,C1 — Global Investors
C1078,Individual,M,Usa,Ohio,83,Home,1,No,Agency,1247337.58,3,1303.7766666666666,1,C1 — Global Investors
C1079,Individual,M,Usa,California,64,Investment,4,Yes,Website,1151228.31,3,1336.61,1,C1 — Global Investors
C1080,Individual,F,Uk,England,67,Investment,4,No,Agency,1594795.52,4,1425.28,2,C1 — Global Investors
C1081,Company,M,Russia,Novosibirsk,49,Home,4,Yes,Agency,1006584.7,3,1203.39,3,C3 — Corporate Buyers
C1082,Individual,F,Usa,Oregon,30,Investment,5,Yes,Website,829499.85,3,953.1133333333333,1,C1 — Global Investors
C1083,Individual,F,Usa,Colorado,73,Investment,4,No,Agency,1145122.1,4,939.4875,0,C1 — Global Investors
C1084,Individual,F,France,Ile-De-France,34,Home,4,No,Agency,1357921.15,4,1136.6925,0,C1 — Global Investors
C1085,Individual,F,Australia,Queensland,76,Investment,1,No,Client,797675.03,3,994.8266666666667,1,C1 — Global Investors
C1086,Individual,M,Usa,Colorado,67,Home,1,Yes,Website,1339827.27,4,1030.21,0,C1 — Global Investors
C1087,Individual,M,Usa,Colorado,39,Home,3,No,Website,1878433.21,4,1575.1075,2,C1 — Global Investors
C1088,Individual,M,Usa,Utah,25,Home,4,Yes,Agency,802271.19,3,883.7466666666666,1,C1 — Global Investors
C1089,Individual,F,Usa,Utah,61,Home,1,Yes,Website,959344.08,4,828.375,0,C1 — Global Investors
C1090,Individual,F,Canada,Alberta,61,Home,3,Yes,Client,1217272.58,3,1396.0966666666666,0,C1 — Global Investors
C1091,Individual,M,Usa,Nevada,39,Home,1,Yes,Agency,741797.49,3,853.6566666666668,1,C1 — Global Investors
C1092,Individual,M,Usa,Oregon,27,Investment,2,No,Website,1213248.05,3,1452.2633333333333,1,C1 — Global Investors
C1093,Individual,M,Usa,Oregon,43,Home,1,Yes,Website,805402.8300000001,3,900.46,0,C1 — Global Investors
C1094,Individual,F,Usa,Washington,63,Home,2,Yes,Website,1631407.56,4,1273.5475000000001,2,C1 — Global Investors
C1095,Individual,F,Usa,California,83,Home,3,No,Agency,1454366.24,4,1264.0125,2,C1 — Global Investors
C1096,Individual,F,Usa,New York,58,Home,2,No,Client,1756661.91,4,1339.695,2,C1 — Global Investors
C1097,Individual,F,Canada,Alberta,61,Home,3,Yes,Agency,1064342.81,3,1162.6166666666666,1,C1 — Global Investors
C1098,Individual,M,Usa,California,47,Investment,3,No,Client,1187774.23,3,1290.0866666666668,0,C1 — Global Investors
C1099,Individual,F,Usa,Colorado,51,Home,3,No,Agency,1426501.12,4,1153.0825,0,C1 — Global Investors
C1100,Individual,M,Russia,Novosibirsk,83,Home,1,No,Website,1314225.5899999999,4,1042.1725000000001,1,C1 — Global Investors
C1101,Individual,M,Belgium,Flanders,59,Home,5,No,Website,1037914.4299999999,4,868.5725,1,C1 — Global Investors
C1102,Company,M,Germany,Berlin,63,Home,2,No,Agency,1248456.03,4,993.0625,3,C3 — Corporate Buyers
C1103,Individual,M,Belgium,Wallonia,62,Home,4,No,Agency,1206840.81,4,997.415,0,C1 — Global Investors
C1104,Individual,M,Usa,Utah,25,Investment,5,Yes,Website,893996.19,3,1025.0133333333333,1,C1 — Global Investors
C1105,Individual,M,Usa,Nevada,83,Home,3,Yes,Website,1623510.31,4,1365.9450000000002,2,C1 — Global Investors
C1106,Individual,M,Usa,California,41,Home,1,No,Agency,773499.85,3,842.68,1,C1 — Global Investors
C1107,Individual,M,Canada,British Columbia,75,Home,1,No,Website,1156527.59,3,1268.0466666666669,1,C1 — Global Investors
C1108,Individual,F,Australia,South Australia,29,Home,4,No,Website,1069904.1,3,1238.36,1,C1 — Global Investors
C1109,Individual,F,Usa,California,56,Home,1,Yes,Client,1756965.37,4,1458.93,2,C1 — Global Investors
C1110,Individual,M,Usa,New York,46,Home,5,Yes,Website,1445458.33,4,1152.9099999999999,0,C1 — Global Investors
C1111,Company,M,Usa,California,56,Home,4,Yes,Website,885146.14,3,897.3100000000001,3,C3 — Corporate Buyers
C1112,Individual,M,Usa,Nevada,41,Investment,3,Yes,Website,961599.4199999999,3,975.9433333333333,0,C1 — Global Investors
C1113,Individual,F,Usa,Texas,49,Investment,2,No,Client,1162770.88,4,942.0350000000001,0,C1 — Global Investors
C1114,Individual,F,Usa,California,31,Home,3,No,Website,872825.73,3,1072.7266666666667,1,C1 — Global Investors
C1115,Individual,M,Usa,Colorado,50,Home,3,Yes,Agency,1054599.19,3,1108.9966666666667,1,C1 — Global Investors
C1116,Individual,F,Usa,California,32,Home,1,Yes,Agency,766951.9500000001,3,879.3433333333332,0,C1 — Global Investors
C1117,Individual,F,Mexico,Mexico City,68,Home,5,Yes,Website,1149629.49,4,1047.99,0,C1 — Global Investors
C1118,Company,M,Uk,Scotland,54,Investment,2,Yes,Website,859368.99,3,983.3166666666666,3,C3 — Corporate Buyers
C1119,Individual,M,Usa,Oregon,82,Home,1,Yes,Website,938703.6599999999,3,949.9033333333333,1,C1 — Global Investors
C1120,Individual,F,Usa,Arizona,44,Home,1,No,Website,1371211.29,4,1123.6174999999998,1,C1 — Global Investors
C1121,Individual,F,Usa,California,38,Home,1,No,Client,1014661.78,3,1124.5,0,C1 — Global Investors
C1122,Individual,F,Usa,California,81,Home,4,No,Website,1558949.2,4,1208.8775,2,C1 — Global Investors
C1123,Individual,M,Usa,Virginia,72,Home,5,No,Agency,1241771.44,3,1283.7066666666667,1,C1 — Global Investors
C1124,Individual,F,Usa,Oregon,47,Investment,5,Yes,Website,1272190.01,4,1040.8899999999999,1,C1 — Global Investors
C1125,Individual,M,Usa,Oregon,82,Home,3,No,Agency,1186907.08,3,1332.34,0,C1 — Global Investors
C1126,Company,M,Usa,Virginia,40,Home,1,Yes,Website,893488.2,3,1015.9399999999999,3,C3 — Corporate Buyers
C1127,Individual,F,Uk,England,80,Investment,1,No,Website,838728.4,3,932.37,0,C1 — Global Investors
C1128,Individual,M,Usa,California,40,Investment,1,No,Website,1186634.53,3,1330.8533333333332,1,C1 — Global Investors
C1129,Individual,F,Usa,Colorado,78,Investment,5,No,Agency,1463125.26,4,1219.4375,1,C1 — Global Investors
C1130,Individual,F,Usa,Arizona,36,Home,5,No,Website,1326217.01,4,1009.23,0,C1 — Global Investors
C1131,Individual,F,Usa,California,39,Investment,3,No,Website,1210500.79,3,1317.7333333333333,1,C1 — Global Investors
C1132,Individual,M,Usa,New York,41,Home,2,Yes,Website,1383901.27,3,1448.82,1,C1 — Global Investors
C1133,Individual,M,Usa,Oregon,30,Investment,3,No,Website,1427019.92,4,1210.7375000000002,1,C1 — Global Investors
C1134,Individual,F,Usa,California,80,Investment,1,No,Website,1088583.78,4,905.0375,0,C1 — Global Investors
C1135,Individual,F,Russia,Moscow Oblast,24,Investment,5,Yes,Client,1186082.75,3,1303.4733333333334,1,C1 — Global Investors
C1136,Individual,F,Usa,California,58,Home,3,Yes,Agency,1016844.64,3,1023.8800000000001,0,C1 — Global Investors
C1137,Individual,F,Usa,Nevada,37,Home,4,Yes,Agency,1114902.43,3,1140.1733333333334,1,C1 — Global Investors
C1138,Individual,M,Usa,Oregon,59,Home,1,No,Website,840602.9199999999,3,952.0733333333334,1,C1 — Global Investors
C1139,Individual,F,Usa,California,27,Home,4,Yes,Client,1297382.59,3,1439.256666666667,0,C1 — Global Investors
C1140,Individual,M,Usa,Florida,47,Home,1,Yes,Website,1275809.71,3,1277.2733333333333,0,C1 — Global Investors
C1141,Individual,F,Usa,Arizona,23,Investment,3,No,Website,990242.33,3,1101.55,1,C1 — Global Investors
C1142,Individual,F,Usa,Colorado,75,Home,2,Yes,Agency,1492680.13,4,1222.37,2,C1 — Global Investors
C1143,Individual,M,Usa,Arizona,29,Home,2,Yes,Website,1108329.67,3,1343.8166666666666,0,C1 — Global Investors
C1144,Individual,F,Usa,Georgia,45,Investment,4,No,Client,1244666.12,4,1027.0725,1,C1 — Global Investors
C1145,Individual,M,Usa,Nevada,30,Home,5,No,Website,1118850.31,3,1267.4066666666668,1,C1 — Global Investors
C1146,Individual,M,Usa,California,32,Investment,2,No,Website,1037824.43,3,1136.0866666666668,0,C1 — Global Investors
C1147,Individual,F,Usa,Utah,45,Home,3,No,Website,905314.84,3,1010.5300000000001,1,C1 — Global Investors
C1148,Individual,M,Australia,New South Wales,32,Home,1,Yes,Agency,1083677.57,3,1221.3833333333334,1,C1 — Global Investors
C1149,Individual,F,Russia,Tatarstan,43,Home,3,No,Agency,1277449.99,4,1053.27,1,C1 — Global Investors
C1150,Individual,F,Usa,Nevada,31,Investment,4,No,Agency,1476970.3,3,1550.1266666666668,1,C1 — Global Investors
C1151,Individual,M,Usa,Arizona,60,Investment,2,No,Website,1760000.3399999999,4,1350.2175,2,C1 — Global Investors
C1152,Individual,M,Usa,Georgia,46,Home,1,No,Website,1654928.32,4,1374.585,2,C1 — Global Investors
C1153,Individual,M,Usa,California,32,Home,1,No,Website,1007630.0,3,1170.3533333333332,0,C1 — Global Investors
C1154,Individual,M,Usa,Utah,67,Home,5,Yes,Agency,1373889.96,4,1135.325,1,C1 — Global Investors
C1155,Individual,M,Usa,California,46,Home,5,No,Website,1577625.0,3,1679.1066666666666,2,C1 — Global Investors
C1156,Individual,F,Usa,Virginia,67,Home,4,No,Agency,859956.66,3,1008.13,1,C1 — Global Investors
C1157,Individual,M,Canada,Alberta,79,Investment,2,No,Website,894080.38,4,716.4525,1,C1 — Global Investors
C1158,Individual,F,Usa,California,68,Investment,2,No,Website,941360.29,3,972.0533333333333,0,C1 — Global Investors
C1159,Individual,M,Usa,Nevada,83,Investment,1,Yes,Website,1170550.92,3,1175.6833333333334,0,C1 — Global Investors
C1160,Individual,M,Usa,Florida,43,Home,2,Yes,Website,1359425.8599999999,4,1101.9875,0,C1 — Global Investors
C1161,Individual,M,Canada,Alberta,29,Investment,3,Yes,Website,2022416.31,4,1486.3274999999999,2,C1 — Global Investors
C1162,Individual,M,Usa,California,61,Investment,2,No,Website,1116223.63,4,872.6800000000001,1,C1 — Global Investors
C1163,Individual,M,Usa,California,25,Home,3,Yes,Website,1202709.18,4,1059.8375,0,C1 — Global Investors
C1164,Individual,F,Belgium,Wallonia,55,Home,3,Yes,Agency,1315287.03,4,1169.615,0,C1 — Global Investors
C1165,Individual,F,Russia,Moscow Oblast,29,Home,1,No,Website,970705.3999999999,3,1079.9266666666665,1,C1 — Global Investors
C1166,Individual,M,Usa,New York,32,Investment,1,No,Website,1163601.79,4,939.4875,1,C1 — Global Investors
C1167,Individual,M,Uk,Scotland,56,Home,3,No,Website,1163104.83,3,1193.7733333333333,0,C1 — Global Investors
C1168,Individual,F,Germany,Hamburg,25,Home,2,Yes,Agency,1081069.19,4,901.245,1,C1 — Global Investors
C1169,Individual,M,Russia,Saint Petersburg,29,Home,5,Yes,Agency,900300.22,4,832.615,0,C1 — Global Investors
C1170,Individual,F,Usa,Nevada,33,Home,1,Yes,Website,1165955.62,4,1009.9325,0,C1 — Global Investors
C1171,Individual,F,Usa,California,39,Investment,4,Yes,Website,1561809.25,4,1276.9875,2,C1 — Global Investors
C1172,Individual,F,Usa,Nevada,81,Home,5,No,Website,1240274.79,4,990.4475,0,C1 — Global Investors
C1173,Individual,F,Canada,Manitoba,39,Investment,1,No,Website,1261072.17,4,1014.9825,1,C1 — Global Investors
C1174,Individual,M,Usa,Nevada,41,Home,2,No,Agency,1414798.99,4,1244.8049999999998,0,C1 — Global Investors
C1175,Individual,F,Usa,California,64,Home,2,No,Website,1766232.62,4,1449.3775,2,C1 — Global Investors
C1176,Individual,F,Usa,California,48,Investment,4,Yes,Agency,1003328.89,3,1170.3533333333332,0,C1 — Global Investors
C1177,Individual,M,Usa,California,25,Investment,2,No,Agency,1047224.2699999999,4,816.1600000000001,0,C1 — Global Investors
C1178,Individual,F,Usa,California,73,Home,1,No,Agency,744651.07,3,801.46,1,C1 — Global Investors
C1179,Individual,F,Usa,California,32,Home,4,No,Agency,848152.02,3,1045.8666666666668,1,C1 — Global Investors
C1180,Individual,F,Belgium,Brussels,28,Home,2,Yes,Website,1111089.24,4,1050.5725,0,C1 — Global Investors
C1181,Individual,F,Usa,Nevada,67,Investment,5,No,Website,743723.3099999999,3,939.3299999999999,1,C1 — Global Investors
C1182,Individual,M,Germany,Bavaria,62,Investment,3,Yes,Website,1522183.38,4,1269.065,2,C1 — Global Investors
C1183,Individual,M,Usa,Arizona,30,Investment,1,No,Website,1364593.88,4,1088.3825,1,C1 — Global Investors
C1184,Individual,M,France,Ile-De-France,70,Home,2,No,Website,500255.63,3,624.2366666666667,0,C1 — Global Investors
C1185,Individual,M,Usa,California,23,Home,3,No,Website,1218570.99,4,1029.9125,1,C1 — Global Investors
C1186,Individual,F,Usa,Nevada,45,Home,3,Yes,Website,1141153.96,3,1221.6766666666665,0,C1 — Global Investors
C1187,Individual,F,Usa,Nevada,61,Home,4,No,Website,1097539.23,3,1092.5066666666667,1,C1 — Global Investors
C1188,Individual,M,Canada,Alberta,28,Home,1,No,Client,1437535.25,4,1190.4075,0,C1 — Global Investors
C1189,Individual,M,Usa,Florida,60,Home,2,Yes,Client,1180295.09,4,989.2175,0,C1 — Global Investors
C1190,Individual,F,Usa,Texas,77,Home,4,No,Client,1358669.02,4,1115.61,1,C1 — Global Investors
C1191,Individual,F,Usa,California,73,Investment,3,No,Website,1095538.81,3,1357.1933333333334,0,C1 — Global Investors
C1192,Individual,M,Usa,Florida,23,Home,5,No,Website,1111237.94,4,941.135,0,C1 — Global Investors
C1193,Individual,F,Uk,England,48,Home,1,No,Website,946796.24,4,716.4525,0,C1 — Global Investors
C1194,Individual,F,Usa,Colorado,80,Home,1,No,Website,1084957.53,3,1263.8633333333335,0,C1 — Global Investors
C1195,Individual,F,Usa,California,33,Home,4,Yes,Agency,1118238.91,4,910.925,0,C1 — Global Investors
C1196,Individual,M,Usa,Nevada,68,Home,2,No,Agency,1731153.76,4,1356.32,2,C1 — Global Investors
C1197,Individual,F,Usa,Arizona,64,Home,4,No,Website,1439595.57,3,1471.4466666666667,2,C1 — Global Investors
C1198,Individual,F,Usa,New York,63,Home,1,No,Agency,1415391.5899999999,3,1493.243333333333,0,C1 — Global Investors
C1199,Individual,M,Usa,Colorado,80,Home,2,No,Website,1013002.89,4,910.2925,0,C1 — Global Investors
C1200,Individual,M,Usa,Utah,54,Home,4,No,Agency,1789601.3299999998,4,1422.9925,2,C1 — Global Investors
C1201,Individual,M,Usa,Oregon,23,Investment,1,Yes,Website,1063833.91,4,896.2525,1,C1 — Global Investors
C1202,Company,M,Canada,Quebec,38,Investment,5,Yes,Website,1527115.1600000001,4,1263.775,3,C3 — Corporate Buyers
C1203,Individual,F,Usa,Arizona,61,Home,2,Yes,Website,1083378.55,3,1329.57,0,C1 — Global Investors
C1204,Individual,M,Mexico,Puebla,31,Investment,2,Yes,Website,1231356.24,3,1280.28,1,C1 — Global Investors
C1205,Individual,M,Belgium,Flanders,64,Home,4,No,Website,968123.38,3,1076.69,1,C1 — Global Investors
C1206,Individual,F,Usa,California,66,Investment,5,No,Website,941726.19,3,1140.3999999999999,1,C1 — Global Investors
C1207,Individual,F,Usa,Texas,50,Home,5,Yes,Agency,1084392.98,4,1010.095,0,C1 — Global Investors
C1208,Individual,M,Usa,Colorado,46,Home,1,No,Website,1277019.82,3,1477.03,0,C1 — Global Investors
C1209,Individual,F,Usa,California,45,Home,4,Yes,Website,1201633.01,4,1123.3175,1,C1 — Global Investors
C1210,Individual,M,Usa,California,32,Investment,1,No,Website,1146800.83,4,897.47,0,C1 — Global Investors
C1211,Individual,F,Canada,British Columbia,27,Home,5,Yes,Website,1447927.02,4,1167.105,1,C1 — Global Investors
C1212,Individual,M,Usa,California,66,Home,1,No,Agency,1052290.76,4,904.0100000000001,1,C1 — Global Investors
C1213,Individual,F,Canada,Manitoba,30,Home,5,No,Website,829461.56,3,899.9899999999999,1,C1 — Global Investors
C1214,Individual,F,Usa,Florida,23,Home,1,No,Agency,1725018.4100000001,4,1446.1125,2,C1 — Global Investors
C1215,Individual,M,Usa,California,29,Home,3,No,Website,1140423.3800000001,3,1104.51,0,C1 — Global Investors
C1216,Individual,F,France,Normandy,26,Home,4,No,Website,1191384.37,3,1464.8466666666666,1,C1 — Global Investors
C1217,Individual,M,Usa,California,26,Investment,4,Yes,Website,1007204.78,3,1186.4366666666667,1,C1 — Global Investors
C1218,Individual,F,Usa,California,82,Home,1,Yes,Website,1308613.5699999998,4,1121.525,1,C1 — Global Investors
C1219,Individual,F,Usa,Arizona,40,Home,1,Yes,Website,867409.27,3,1074.6233333333332,1,C1 — Global Investors
C1220,Individual,F,Usa,Colorado,56,Investment,4,Yes,Website,1471199.75,4,1254.045,0,C1 — Global Investors
C1221,Individual,F,Usa,Nevada,39,Investment,2,No,Agency,1354868.93,3,1565.3233333333335,1,C1 — Global Investors
C1222,Individual,M,Usa,Utah,54,Home,4,No,Website,1319349.8599999999,3,1362.3833333333334,1,C1 — Global Investors
C1223,Individual,F,Usa,Washington,71,Home,4,No,Website,1072582.78,3,1369.7300000000002,1,C1 — Global Investors
C1224,Individual,M,Usa,New York,81,Investment,5,Yes,Client,827238.27,3,964.2666666666665,1,C1 — Global Investors
C1225,Individual,M,Usa,Oregon,33,Home,2,No,Website,1122587.7,3,1168.3366666666668,0,C1 — Global Investors
C1226,Individual,M,Usa,Utah,34,Home,4,No,Website,972596.1300000001,3,1082.8966666666668,1,C1 — Global Investors
C1227,Individual,M,Usa,Colorado,36,Home,3,Yes,Agency,2151534.73,4,1676.3825,2,C1 — Global Investors
C1228,Individual,M,Usa,California,69,Home,2,No,Website,1058718.77,3,1124.5,1,C1 — Global Investors
C1229,Individual,F,Uk,Scotland,29,Home,1,Yes,Website,1185126.78,3,1303.4733333333334,1,C1 — Global Investors
C1230,Individual,M,Usa,California,38,Home,5,No,Client,759973.15,3,801.46,0,C1 — Global Investors
C1231,Individual,F,Usa,California,69,Home,2,No,Agency,859705.1699999999,3,922.6666666666666,0,C1 — Global Investors
C1232,Individual,F,Canada,British Columbia,34,Home,3,No,Website,1527373.03,4,1173.8125,1,C1 — Global Investors
C1233,Individual,M,Usa,Utah,44,Home,4,No,Website,936287.8,3,1078.7866666666666,1,C1 — Global Investors
C1234,Individual,F,Usa,Colorado,66,Investment,1,No,Website,1463190.28,4,1278.045,2,C1 — Global Investors
C1235,Individual,M,Usa,Arizona,66,Home,2,No,Website,1271344.1099999999,4,1025.3225,0,C1 — Global Investors
C1236,Individual,M,Usa,Arizona,51,Home,4,Yes,Website,1747766.02,4,1415.4825,2,C1 — Global Investors
C1237,Individual,F,Uk,Wales,80,Investment,4,Yes,Website,688233.74,3,775.5666666666666,0,C1 — Global Investors
C1238,Individual,M,Usa,Nevada,77,Home,1,Yes,Agency,1648873.57,4,1343.6575,2,C1 — Global Investors
C1239,Individual,F,Usa,Oregon,70,Home,3,No,Agency,1457041.08,4,1114.2125,1,C1 — Global Investors
C1240,Individual,F,Usa,Nevada,39,Investment,4,Yes,Website,1018594.4400000001,3,1104.51,0,C1 — Global Investors
C1241,Individual,F,Usa,California,50,Home,1,No,Agency,1157084.5899999999,4,948.835,1,C1 — Global Investors
C1242,Individual,M,Usa,California,62,Home,3,Yes,Website,1055842.78,3,1138.4233333333334,1,C1 — Global Investors
C1243,Individual,M,Usa,Colorado,75,Home,1,No,Website,1419502.04,4,1246.6175,2,C1 — Global Investors
C1244,Individual,M,Usa,Utah,31,Investment,5,Yes,Website,1438309.93,3,1513.17,2,C1 — Global Investors
C1245,Individual,M,Usa,California,60,Home,3,Yes,Agency,1422519.51,3,1529.4633333333334,2,C1 — Global Investors
C1246,Individual,F,Canada,Alberta,80,Home,2,No,Agency,859984.47,3,980.8699999999999,0,C1 — Global Investors
C1247,Individual,F,Usa,Nevada,66,Investment,2,No,Website,1774416.3199999998,4,1489.73,2,C1 — Global Investors
C1248,Individual,F,Usa,Arizona,47,Home,3,No,Agency,786895.89,3,899.62,1,C1 — Global Investors
C1249,Individual,F,Usa,California,52,Investment,1,No,Website,1289938.6400000001,4,1146.0149999999999,0,C1 — Global Investors
C1250,Individual,M,Usa,Nevada,73,Home,5,No,Agency,1582661.61,3,1674.54,2,C1 — Global Investors
C1251,Individual,M,Usa,Texas,48,Investment,5,No,Website,1246714.37,4,967.0,0,C1 — Global Investors
C1252,Individual,F,Usa,Arizona,61,Home,3,Yes,Website,1137673.55,3,1221.6766666666665,1,C1 — Global Investors
C1253,Individual,M,Usa,California,32,Home,2,No,Agency,767162.2200000001,3,814.3533333333334,0,C1 — Global Investors
C1254,Individual,M,Usa,California,67,Home,5,Yes,Agency,1604050.8800000001,4,1279.9,2,C1 — Global Investors
C1255,Individual,M,Usa,California,24,Home,3,No,Agency,1105130.19,4,942.035,0,C1 — Global Investors
C1256,Company,F,Usa,California,51,Investment,4,No,Agency,1227293.02,3,1357.1933333333334,3,C3 — Corporate Buyers
C1257,Individual,M,Usa,California,32,Home,5,Yes,Agency,850550.13,3,893.3766666666667,1,C1 — Global Investors
C1258,Individual,F,Usa,Nevada,54,Home,1,No,Website,1015636.19,4,821.355,0,C1 — Global Investors
C1259,Individual,M,Usa,California,52,Investment,3,Yes,Agency,1256766.51,4,1004.1575,0,C1 — Global Investors
C1260,Individual,F,Usa,California,31,Home,2,No,Agency,1633449.34,4,1423.1725,2,C1 — Global Investors
C1261,Individual,M,Usa,Utah,47,Home,3,No,Client,1491163.72,3,1504.28,2,C1 — Global Investors
C1262,Individual,F,Usa,California,73,Investment,4,No,Agency,961425.37,3,1077.3233333333335,1,C1 — Global Investors
C1263,Individual,M,Usa,California,72,Investment,3,No,Agency,1975384.2000000002,4,1602.67,2,C1 — Global Investors
C1264,Individual,F,Usa,California,24,Investment,1,No,Agency,1287173.46,3,1452.2633333333333,0,C1 — Global Investors
C1265,Individual,M,Usa,Washington,80,Home,1,Yes,Agency,1070432.96,3,1325.71,1,C1 — Global Investors
C1266,Individual,M,Uk,England,71,Home,2,No,Website,1204291.73,4,1101.9875,1,C1 — Global Investors
C1267,Individual,F,Usa,Colorado,58,Home,3,Yes,Website,1399933.8800000001,3,1529.4633333333334,2,C1 — Global Investors
C1268,Individual,F,Uk,Northern Ireland,28,Investment,1,Yes,Website,968928.25,3,1003.3133333333334,1,C1 — Global Investors
C1269,Individual,M,Usa,California,59,Home,5,No,Website,1046535.0,3,1169.0466666666669,1,C1 — Global Investors
C1270,Individual,F,Usa,Texas,45,Home,4,No,Agency,1310435.53,3,1465.92,1,C1 — Global Investors
C1271,Individual,M,Usa,California,31,Home,2,Yes,Agency,1296911.85,4,1040.5175,0,C1 — Global Investors
C1272,Individual,M,France,Occitanie,82,Home,1,Yes,Website,778830.7999999999,3,899.62,1,C1 — Global Investors
C1273,Individual,M,Canada,Alberta,55,Home,5,No,Website,1462080.32,3,1592.1233333333332,2,C1 — Global Investors
C1274,Individual,F,Usa,California,44,Investment,1,Yes,Website,1038831.8500000001,3,1193.7733333333333,1,C1 — Global Investors
C1275,Individual,F,Usa,Georgia,54,Investment,1,No,Website,1737593.0,4,1312.8225,2,C1 — Global Investors
C1276,Individual,M,Australia,Victoria,83,Home,1,Yes,Agency,1635917.97,3,1754.9366666666667,2,C1 — Global Investors
C1277,Individual,F,Usa,California,42,Investment,2,No,Agency,1270250.68,3,1267.4066666666668,0,C1 — Global Investors
C1278,Individual,M,Usa,Utah,26,Home,4,No,Website,685587.81,3,791.0400000000001,1,C1 — Global Investors
C1279,Individual,M,Usa,California,80,Home,4,Yes,Website,1278123.59,3,1366.5633333333335,1,C1 — Global Investors
C1280,Individual,M,Usa,Texas,70,Home,2,Yes,Website,1295836.68,3,1445.2933333333333,1,C1 — Global Investors
C1281,Individual,F,Canada,Manitoba,25,Investment,2,Yes,Website,889312.14,3,899.9899999999999,1,C1 — Global Investors
C1282,Individual,F,Usa,Colorado,27,Investment,3,Yes,Agency,1302998.6,4,1155.47,1,C1 — Global Investors
C1283,Individual,F,Usa,New York,78,Home,3,No,Agency,1479050.94,4,1185.59,0,C1 — Global Investors
C1284,Individual,M,Usa,California,68,Home,2,No,Website,1443865.51,4,1111.6475,0,C1 — Global Investors
C1285,Individual,M,Usa,Utah,69,Home,4,Yes,Website,1609592.58,3,1680.5266666666666,2,C1 — Global Investors
C1286,Individual,M,Usa,California,60,Home,5,No,Agency,1203306.91,3,1192.5933333333332,1,C1 — Global Investors
C1287,Individual,F,Usa,California,25,Investment,4,No,Website,843581.37,3,901.6266666666667,0,C1 — Global Investors
C1288,Individual,M,Belgium,Wallonia,82,Home,3,No,Agency,971136.6900000001,3,1155.4633333333334,1,C1 — Global Investors
C1289,Individual,M,Mexico,Jalisco,50,Investment,1,Yes,Agency,1076161.8599999999,4,854.58,1,C1 — Global Investors
C1290,Individual,F,Usa,Washington,50,Home,3,Yes,Website,1332432.9100000001,4,1195.1875,1,C1 — Global Investors
C1291,Individual,M,Usa,California,40,Investment,5,Yes,Website,1123403.46,3,1240.6066666666666,1,C1 — Global Investors
C1292,Individual,M,Usa,Texas,46,Investment,5,Yes,Website,1099365.94,4,1000.415,0,C1 — Global Investors
C1293,Individual,F,Usa,California,51,Home,1,No,Agency,1853570.08,4,1552.15,2,C1 — Global Investors
C1294,Individual,M,Canada,Ontario,60,Investment,3,Yes,Agency,1220533.28,3,1371.6133333333335,1,C1 — Global Investors
C1295,Individual,F,Usa,California,31,Investment,1,Yes,Website,1478836.57,4,1202.2649999999999,1,C1 — Global Investors
C1296,Individual,M,Usa,Virginia,60,Home,1,No,Website,1025127.71,3,1089.46,0,C1 — Global Investors
C1297,Company,M,Germany,Berlin,40,Home,5,No,Website,1169866.19,3,1267.4066666666668,3,C3 — Corporate Buyers
C1298,Individual,F,Usa,California,55,Home,2,No,Agency,1571360.11,4,1276.8225,2,C1 — Global Investors
C1299,Individual,F,Usa,California,79,Investment,3,No,Website,1296600.42,3,1440.1933333333334,1,C1 — Global Investors
C1300,Individual,F,Usa,California,62,Home,2,No,Website,1428770.88,3,1451.5366666666669,2,C1 — Global Investors
C1301,Individual,M,Usa,Virginia,68,Home,2,No,Agency,742139.88,3,851.8699999999999,0,C1 — Global Investors
C1302,Individual,M,Usa,Arizona,27,Investment,5,No,Website,1709532.6,4,1486.3274999999999,2,C1 — Global Investors
C1303,Individual,M,Usa,Arizona,61,Home,3,Yes,Website,979418.98,3,1106.3533333333332,1,C1 — Global Investors
C1304,Individual,F,Usa,California,38,Investment,1,No,Website,965747.81,3,1049.3799999999999,1,C1 — Global Investors
C1305,Individual,F,Usa,Georgia,45,Home,4,No,Website,1034190.9,4,853.07,1,C1 — Global Investors
C1306,Individual,F,Usa,Washington,75,Home,5,No,Website,967094.76,3,1090.7733333333333,0,C1 — Global Investors
C1307,Individual,F,Usa,Colorado,30,Home,5,No,Agency,920439.02,3,1012.96,1,C1 — Global Investors
C1308,Individual,M,Usa,California,23,Investment,5,No,Agency,1363559.13,4,1042.1975,0,C1 — Global Investors
C1309,Individual,M,Usa,California,24,Home,5,No,Website,1460171.4100000001,3,1674.54,2,C1 — Global Investors
C1310,Individual,F,Usa,New York,68,Home,5,No,Agency,1244334.1400000001,4,1077.195,1,C1 — Global Investors
C1311,Individual,M,Uk,England,83,Home,4,Yes,Client,1352275.6400000001,3,1330.2166666666667,1,C1 — Global Investors
C1312,Individual,M,Usa,New York,81,Home,5,No,Website,786877.06,3,801.46,1,C1 — Global Investors
C1313,Individual,F,Australia,Western Australia,51,Investment,3,No,Website,997579.61,3,1138.4233333333334,1,C1 — Global Investors
C1314,Individual,F,Usa,Arizona,59,Home,3,No,Website,803329.23,3,1037.11,1,C1 — Global Investors
C1315,Individual,M,Usa,Colorado,75,Home,3,No,Agency,1066308.48,3,1136.21,1,C1 — Global Investors
C1316,Individual,F,Usa,Colorado,30,Home,2,Yes,Website,1238162.97,4,1052.8325,1,C1 — Global Investors
C1317,Company,M,Usa,Utah,50,Home,2,Yes,Website,1315200.12,3,1460.493333333333,3,C3 — Corporate Buyers
C1318,Individual,M,Usa,Texas,80,Home,1,No,Website,1423923.98,4,1169.615,0,C1 — Global Investors
C1319,Individual,F,Usa,Florida,69,Home,3,Yes,Client,1424704.13,4,1227.645,2,C1 — Global Investors
C1320,Individual,M,Usa,California,54,Investment,1,No,Website,1077693.04,3,1129.1766666666665,1,C1 — Global Investors
C1321,Individual,M,Usa,Colorado,33,Investment,5,No,Client,787847.37,3,853.8133333333334,1,C1 — Global Investors
C1322,Individual,F,Usa,California,29,Home,5,No,Agency,1094026.3399999999,3,1255.1200000000001,1,C1 — Global Investors
C1323,Individual,M,Usa,Utah,60,Home,3,No,Website,1180654.6,4,975.4225,1,C1 — Global Investors
C1324,Individual,M,Usa,Arizona,31,Investment,2,Yes,Agency,1323306.51,3,1471.6200000000001,1,C1 — Global Investors
C1325,Individual,M,Canada,Alberta,49,Home,5,Yes,Agency,1380292.56,4,1098.1675,1,C1 — Global Investors
C1326,Individual,M,Usa,Colorado,79,Investment,4,No,Website,1489578.01,4,1239.145,2,C1 — Global Investors
C1327,Individual,F,Usa,California,30,Home,4,Yes,Website,664017.81,3,775.5666666666666,1,C1 — Global Investors
C1328,Individual,F,Usa,Washington,67,Home,4,No,Website,1337283.29,4,1173.8125,1,C1 — Global Investors
C1329,Individual,M,Usa,California,55,Investment,3,Yes,Agency,1041797.56,3,1127.1499999999999,1,C1 — Global Investors
C1330,Individual,F,Usa,Colorado,48,Investment,2,No,Agency,835096.87,4,699.545,0,C1 — Global Investors
C1331,Individual,F,Usa,California,37,Investment,1,No,Agency,1047958.11,3,1113.29,0,C1 — Global Investors
C1332,Individual,M,Usa,Washington,28,Investment,5,Yes,Agency,1227353.63,3,1350.4933333333333,1,C1 — Global Investors
C1333,Individual,M,Usa,Nevada,35,Investment,2,Yes,Website,1364310.45,4,1146.9925,0,C1 — Global Investors
C1334,Individual,F,Usa,California,58,Home,5,Yes,Agency,1906641.78,4,1552.15,2,C1 — Global Investors
C1335,Individual,F,Usa,Oregon,41,Investment,2,Yes,Website,1001510.5800000001,3,1070.1933333333334,1,C1 — Global Investors
C1336,Individual,F,Usa,California,75,Home,5,No,Client,1371591.4,4,1182.3725,0,C1 — Global Investors
C1337,Individual,F,Usa,California,70,Investment,5,No,Website,1310989.71,4,1073.905,0,C1 — Global Investors
C1338,Individual,F,Usa,California,55,Home,2,Yes,Website,1096818.64,3,1169.0466666666669,1,C1 — Global Investors
C1339,Company,M,Usa,Nevada,62,Home,4,Yes,Website,1532340.63,4,1338.9,3,C3 — Corporate Buyers
C1340,Company,M,Usa,Colorado,35,Home,5,No,Website,1746049.93,4,1421.4650000000001,3,C3 — Corporate Buyers
C1341,Individual,F,Usa,Colorado,71,Home,5,Yes,Website,756694.8300000001,3,952.2633333333333,1,C1 — Global Investors
C1342,Individual,F,Usa,California,59,Home,1,Yes,Agency,922722.19,3,1003.3133333333334,1,C1 — Global Investors
C1343,Individual,F,Canada,Ontario,28,Home,5,No,Agency,1005148.6399999999,3,1161.5433333333333,1,C1 — Global Investors
C1344,Individual,M,Usa,Florida,49,Home,1,No,Agency,1319490.92,4,1139.4675,1,C1 — Global Investors
C1345,Individual,F,Usa,Texas,67,Home,5,No,Website,942467.41,3,1049.3066666666666,0,C1 — Global Investors
C1346,Company,F,Usa,Colorado,36,Investment,4,No,Agency,1037623.3900000001,3,1088.5866666666668,3,C3 — Corporate Buyers
C1347,Individual,M,Usa,Washington,67,Home,2,No,Client,1001705.48,3,1090.9466666666667,1,C1 — Global Investors
C1348,Individual,M,Usa,Oregon,25,Home,4,Yes,Client,1021309.9299999999,3,1186.05,1,C1 — Global Investors
C1349,Individual,F,Usa,Virginia,41,Investment,3,No,Website,773186.34,3,952.0733333333334,0,C1 — Global Investors
C1350,Individual,F,Germany,Hamburg,32,Home,5,No,Website,743296.88,4,632.215,1,C1 — Global Investors
C1351,Individual,F,Australia,South Australia,36,Home,2,No,Client,1400457.41,4,1234.8075000000001,1,C1 — Global Investors
C1352,Individual,M,Usa,California,34,Home,2,Yes,Agency,1535963.18,3,1635.6233333333332,2,C1 — Global Investors
C1353,Individual,F,Canada,Alberta,26,Home,1,No,Agency,532598.24,3,564.01,1,C1 — Global Investors
C1354,Individual,M,Usa,Florida,82,Home,5,No,Website,1545799.94,3,1685.2766666666666,2,C1 — Global Investors
C1355,Individual,F,Usa,California,57,Investment,2,Yes,Client,1245446.7799999998,3,1523.6933333333334,0,C1 — Global Investors
C1356,Individual,M,Usa,Oregon,29,Investment,4,No,Agency,1490237.62,3,1648.5966666666666,2,C1 — Global Investors
C1357,Individual,F,Usa,California,36,Home,5,Yes,Website,1077383.54,3,1104.51,1,C1 — Global Investors
C1358,Individual,M,Usa,Texas,80,Home,4,No,Agency,965180.83,3,1078.7866666666666,0,C1 — Global Investors
C1359,Individual,M,Usa,Virginia,48,Home,3,No,Agency,1381335.3,4,1093.05,1,C1 — Global Investors
C1360,Individual,M,Usa,Virginia,33,Home,4,No,Agency,1001006.54,3,1111.2966666666666,1,C1 — Global Investors
C1361,Individual,F,Usa,California,80,Home,3,No,Client,1529260.3,4,1296.5625,2,C1 — Global Investors
C1362,Individual,F,Usa,California,58,Investment,1,Yes,Agency,993131.84,4,894.905,1,C1 — Global Investors
C1363,Individual,M,Usa,Georgia,42,Home,5,Yes,Agency,1109919.3599999999,4,942.035,0,C1 — Global Investors
C1364,Individual,F,Usa,California,25,Investment,1,No,Website,1201578.93,4,1120.62,1,C1 — Global Investors
C1365,Individual,F,Belgium,Brussels,54,Investment,5,Yes,Website,1443894.02,4,1260.0625,1,C1 — Global Investors
C1366,Individual,M,Usa,California,28,Home,1,No,Website,1488525.13,3,1678.6133333333335,2,C1 — Global Investors
C1367,Individual,F,Germany,Berlin,70,Home,2,No,Client,1035889.5,3,1124.5,0,C1 — Global Investors
C1368,Individual,M,Usa,California,76,Home,5,Yes,Client,1378979.49,4,1042.6625,0,C1 — Global Investors
C1369,Individual,M,France,Brittany,40,Home,4,Yes,Agency,1615394.12,4,1338.9,2,C1 — Global Investors
C1370,Individual,M,Usa,Colorado,58,Investment,1,No,Agency,834659.23,4,700.7825,1,C1 — Global Investors
C1371,Individual,M,Uk,England,34,Home,2,Yes,Website,1036681.19,4,948.835,1,C1 — Global Investors
C1372,Individual,F,Usa,Washington,42,Investment,2,No,Website,874872.8,3,1049.3066666666666,1,C1 — Global Investors
C1373,Individual,F,Usa,California,31,Home,3,Yes,Website,1275663.27,3,1221.6766666666665,1,C1 — Global Investors
C1374,Company,M,France,Ile-De-France,33,Home,3,Yes,Agency,1230590.28,3,1321.5233333333333,3,C3 — Corporate Buyers
C1375,Individual,F,Usa,California,51,Investment,4,Yes,Agency,1097182.3900000001,4,987.505,0,C1 — Global Investors
C1376,Individual,F,Usa,Arizona,36,Investment,3,Yes,Agency,1272387.2999999998,3,1493.243333333333,0,C1 — Global Investors
C1377,Individual,F,Usa,Utah,39,Investment,2,No,Website,828441.4099999999,3,862.1066666666666,1,C1 — Global Investors
C1378,Individual,F,Usa,California,47,Investment,1,No,Website,1399739.87,3,1464.8466666666666,1,C1 — Global Investors
C1379,Individual,M,Uk,Scotland,53,Home,2,No,Website,827767.69,3,1077.3233333333335,1,C1 — Global Investors
C1380,Individual,M,Canada,Alberta,74,Investment,4,No,Website,1012542.1799999999,3,1052.4533333333334,0,C1 — Global Investors
C1381,Individual,M,Germany,Hesse,61,Home,3,Yes,Website,1082639.9100000001,3,1131.0966666666666,1,C1 — Global Investors
C1382,Individual,M,Usa,Oregon,72,Home,2,No,Website,1176910.13,4,1024.3375,1,C1 — Global Investors
C1383,Individual,M,Usa,California,31,Home,2,No,Agency,864768.8300000001,3,899.9899999999999,0,C1 — Global Investors
C1384,Individual,F,Usa,California,35,Home,2,Yes,Agency,905480.04,3,1016.7633333333333,1,C1 — Global Investors
C1385,Individual,M,Usa,California,77,Home,1,No,Agency,1182983.03,3,1186.4366666666667,0,C1 — Global Investors
C1386,Individual,M,Usa,Washington,76,Home,4,Yes,Website,1284366.78,3,1431.79,0,C1 — Global Investors
C1387,Individual,M,Germany,Hamburg,80,Investment,4,No,Website,804550.47,3,901.6266666666667,1,C1 — Global Investors
C1388,Individual,F,Usa,Washington,24,Home,3,No,Website,1183031.06,3,1283.46,1,C1 — Global Investors
C1389,Individual,M,Uk,Scotland,71,Home,2,No,Website,1742522.83,4,1282.79,2,C1 — Global Investors
C1390,Individual,F,Usa,Nevada,44,Home,3,No,Website,906492.19,3,971.1899999999999,0,C1 — Global Investors
C1391,Individual,F,Usa,Utah,49,Home,1,No,Website,1579627.98,4,1343.6575,2,C1 — Global Investors
C1392,Individual,M,Usa,Colorado,33,Home,4,Yes,Agency,1434978.2000000002,4,1125.5149999999999,0,C1 — Global Investors
C1393,Individual,F,Mexico,Baja California,42,Investment,1,No,Agency,1187799.99,4,1027.325,1,C1 — Global Investors
C1394,Individual,F,Usa,Nevada,46,Home,4,No,Website,1325404.6,4,967.0,1,C1 — Global Investors
C1395,Individual,F,Canada,Alberta,35,Investment,4,No,Website,1497964.92,4,1278.045,0,C1 — Global Investors
C1396,Individual,M,Canada,Manitoba,52,Investment,3,Yes,Website,977070.1199999999,3,1075.8333333333333,1,C1 — Global Investors
C1397,Individual,F,Usa,Nevada,40,Home,4,No,Website,1551369.83,4,1175.235,2,C1 — Global Investors
C1398,Individual,M,Usa,California,57,Home,5,Yes,Website,926545.71,3,1182.08,1,C1 — Global Investors
C1399,Individual,F,Canada,British Columbia,45,Home,5,No,Agency,1259614.96,4,1061.1325,1,C1 — Global Investors
C1400,Individual,F,Uk,Northern Ireland,32,Home,4,No,Client,1146194.54,4,939.4875,1,C1 — Global Investors
C1401,Individual,F,Usa,Virginia,24,Investment,1,No,Website,1223523.71,4,1005.5625,0,C1 — Global Investors
C1402,Individual,F,Usa,Utah,55,Home,3,No,Agency,1394159.93,4,1132.7375,1,C1 — Global Investors
C1403,Individual,F,Usa,Oregon,40,Home,2,No,Website,1463350.69,4,1210.7375000000002,1,C1 — Global Investors
C1404,Individual,F,Usa,California,73,Home,4,No,Agency,1193678.04,4,1024.3375,1,C1 — Global Investors
C1405,Individual,M,Usa,Oregon,68,Home,5,No,Agency,1306722.3599999999,3,1438.2933333333333,0,C1 — Global Investors
C1406,Individual,F,Usa,California,53,Home,3,No,Website,1364413.45,4,1151.6100000000001,0,C1 — Global Investors
C1407,Individual,F,Usa,California,67,Home,1,No,Agency,1429717.0899999999,4,1123.3175,0,C1 — Global Investors
C1408,Company,F,Usa,California,60,Home,2,No,Agency,1345035.74,4,1103.3025,3,C3 — Corporate Buyers
C1409,Individual,F,Usa,Oregon,66,Investment,2,No,Website,1072801.12,3,1117.9399999999998,0,C1 — Global Investors
C1410,Individual,F,Usa,Nevada,58,Home,2,No,Agency,1439196.49,4,1164.0149999999999,1,C1 — Global Investors
C1411,Individual,M,Usa,California,36,Home,2,No,Client,1318823.1600000001,4,1099.4925,0,C1 — Global Investors
C1412,Company,F,Usa,Nevada,38,Home,2,No,Agency,1498125.2,4,1158.7275,3,C3 — Corporate Buyers
C1413,Individual,F,Usa,California,55,Home,4,No,Agency,1489065.1600000001,4,1425.7675,2,C1 — Global Investors
C1414,Individual,F,Usa,Florida,48,Home,4,No,Website,1188718.7,4,972.335,0,C1 — Global Investors
C1415,Individual,M,Usa,California,64,Investment,1,No,Website,748797.26,3,879.3433333333332,0,C1 — Global Investors
C1416,Individual,M,Usa,Oregon,69,Home,2,No,Agency,1418066.3900000001,3,1452.2633333333333,2,C1 — Global Investors
C1417,Individual,M,Uk,Scotland,70,Home,5,No,Website,1023021.48,3,1066.59,1,C1 — Global Investors
C1418,Individual,M,Usa,Ohio,69,Investment,2,No,Website,1443234.8900000001,3,1529.4633333333334,2,C1 — Global Investors
C1419,Individual,M,Germany,Hamburg,52,Investment,4,Yes,Website,1143605.72,4,928.745,0,C1 — Global Investors
C1420,Company,M,Uk,Wales,42,Home,5,No,Website,1196856.69,4,929.6975,3,C3 — Corporate Buyers
C1421,Individual,M,Usa,Colorado,66,Home,1,No,Website,938557.1900000001,3,1098.0666666666666,1,C1 — Global Investors
C1422,Individual,M,Usa,Florida,68,Investment,1,Yes,Website,2032565.11,4,1555.2975000000001,2,C1 — Global Investors
C1423,Individual,M,Uk,Northern Ireland,68,Home,4,Yes,Website,1822778.3599999999,4,1504.0974999999999,2,C1 — Global Investors
C1424,Individual,F,Usa,Utah,69,Home,2,Yes,Agency,1382756.57,3,1465.1466666666665,1,C1 — Global Investors
C1425,Individual,M,Belgium,Flanders,52,Home,3,No,Website,1449563.3199999998,3,1521.64,2,C1 — Global Investors
C1426,Individual,F,Usa,Washington,59,Home,2,No,Website,1709098.18,4,1510.65,2,C1 — Global Investors
C1427,Individual,F,Australia,Victoria,68,Home,5,No,Website,1378636.21,4,1184.9475,0,C1 — Global Investors
C1428,Individual,F,Usa,Oregon,70,Home,4,Yes,Agency,1136052.54,4,946.6525,0,C1 — Global Investors
C1429,Individual,M,Usa,Nevada,32,Investment,5,No,Agency,1697550.01,4,1421.4650000000001,2,C1 — Global Investors
C1430,Individual,M,Usa,Nevada,60,Home,4,No,Website,928463.2,3,1022.67,1,C1 — Global Investors
C1431,Individual,F,Germany,Hesse,80,Home,3,Yes,Website,1620159.73,4,1365.9450000000002,2,C1 — Global Investors
C1432,Individual,M,Usa,Utah,72,Home,3,No,Agency,863383.74,3,1033.6200000000001,0,C1 — Global Investors
C1433,Individual,M,Germany,Hamburg,70,Home,4,No,Website,1358111.0699999998,3,1493.243333333333,2,C1 — Global Investors
C1434,Company,F,Usa,California,38,Investment,5,No,Agency,1038640.05,4,894.905,3,C3 — Corporate Buyers
C1435,Individual,M,Usa,Texas,56,Investment,2,No,Agency,903765.87,3,945.65,0,C1 — Global Investors
C1436,Individual,M,Usa,California,25,Home,2,No,Website,969917.19,3,992.2199999999999,0,C1 — Global Investors
C1437,Individual,M,Usa,Arizona,26,Investment,5,No,Agency,1668948.58,4,1332.2825,2,C1 — Global Investors
C1438,Individual,M,Usa,California,35,Home,2,Yes,Agency,1255115.0,3,1321.5033333333333,0,C1 — Global Investors
C1439,Individual,F,Usa,Virginia,23,Home,2,No,Agency,1040682.81,3,1138.4233333333334,1,C1 — Global Investors
C1440,Individual,F,Usa,Colorado,71,Investment,2,No,Agency,901013.4199999999,3,1010.5300000000001,0,C1 — Global Investors
C1441,Individual,F,Usa,California,78,Investment,5,No,Website,1201777.78,3,1334.84,1,C1 — Global Investors
C1442,Individual,M,Usa,Colorado,23,Home,2,Yes,Client,1007348.75,3,1110.6233333333332,1,C1 — Global Investors
C1443,Individual,F,Usa,Florida,44,Home,2,No,Website,1045348.1100000001,3,1072.4833333333333,1,C1 — Global Investors
C1444,Individual,M,Usa,Colorado,42,Home,3,No,Website,1089631.7,3,1186.05,1,C1 — Global Investors
C1445,Individual,M,Usa,Florida,35,Home,5,No,Website,1249138.91,4,976.9675,1,C1 — Global Investors
C1446,Individual,F,Usa,Ohio,72,Home,4,No,Website,1550820.49,4,1385.6475,2,C1 — Global Investors
C1447,Individual,F,Usa,Nevada,51,Investment,4,Yes,Client,1372408.9,4,1151.37,1,C1 — Global Investors
C1448,Individual,M,Russia,Tatarstan,64,Home,1,No,Website,1221304.62,4,984.9525,0,C1 — Global Investors
C1449,Individual,F,Usa,California,24,Investment,5,No,Website,1110557.49,3,1221.6766666666665,1,C1 — Global Investors
C1450,Individual,F,Usa,Virginia,27,Home,5,No,Website,1028509.6,3,1037.5833333333333,1,C1 — Global Investors
C1451,Individual,F,Usa,California,40,Home,1,No,Website,1529673.3199999998,4,1259.875,2,C1 — Global Investors
C1452,Individual,F,Belgium,Wallonia,30,Home,3,No,Client,1320005.77,3,1487.6599999999999,1,C1 — Global Investors
C1453,Individual,M,Usa,California,42,Home,2,No,Agency,1145044.9,3,1243.8233333333333,1,C1 — Global Investors
C1454,Individual,F,Usa,California,75,Investment,1,No,Client,1188825.44,3,1321.5033333333333,1,C1 — Global Investors
C1455,Individual,F,Usa,Colorado,34,Home,3,Yes,Agency,985992.4299999999,3,983.4266666666667,0,C1 — Global Investors
C1456,Company,F,Usa,Oregon,31,Investment,1,Yes,Website,1598853.55,4,1313.38,3,C3 — Corporate Buyers
C1457,Individual,F,Usa,California,74,Home,3,Yes,Agency,1537205.06,4,1227.17,2,C1 — Global Investors
C1458,Individual,M,Usa,Arizona,73,Home,1,No,Website,917921.54,3,979.0866666666667,0,C1 — Global Investors
C1459,Individual,M,Usa,Arizona,74,Home,5,No,Website,1556253.48,4,1385.6475,2,C1 — Global Investors
C1460,Individual,F,Uk,England,51,Home,1,Yes,Agency,1569390.69,4,1294.645,2,C1 — Global Investors
C1461,Individual,F,Usa,California,79,Home,5,No,Website,1507966.87,4,1294.645,2,C1 — Global Investors
C1462,Individual,F,Germany,Hamburg,39,Investment,3,No,Agency,1220331.12,4,956.6725,0,C1 — Global Investors
C1463,Individual,M,Usa,California,80,Home,2,Yes,Website,1639044.0,4,1386.5875,2,C1 — Global Investors
C1464,Individual,M,Usa,Arizona,83,Home,1,No,Website,1094818.68,3,1086.24,1,C1 — Global Investors
C1465,Individual,M,Usa,Ohio,33,Home,3,Yes,Website,1312191.47,3,1457.8333333333333,1,C1 — Global Investors
C1466,Individual,F,Belgium,Flanders,24,Investment,2,No,Website,1387827.15,4,1053.27,1,C1 — Global Investors
C1467,Individual,F,Usa,California,72,Home,5,No,Client,761353.26,3,849.6366666666667,1,C1 — Global Investors
C1468,Individual,M,Canada,Manitoba,83,Home,3,No,Website,1072452.07,3,1185.3533333333332,0,C1 — Global Investors
C1469,Individual,M,Usa,Colorado,53,Home,1,No,Website,1512121.6400000001,3,1538.7766666666666,2,C1 — Global Investors
C1470,Individual,M,Usa,Colorado,83,Investment,3,Yes,Agency,1440682.21,3,1590.8633333333335,2,C1 — Global Investors
C1471,Individual,F,Uk,Northern Ireland,83,Home,1,Yes,Website,1048588.76,4,801.0649999999999,0,C1 — Global Investors
C1472,Individual,M,Usa,Washington,32,Home,1,No,Website,1610320.87,4,1237.1025,2,C1 — Global Investors
C1473,Individual,F,Usa,California,49,Home,2,No,Agency,1415300.74,4,1009.23,1,C1 — Global Investors
C1474,Individual,M,Usa,Oregon,54,Home,3,No,Website,1563434.47,4,1307.3,2,C1 — Global Investors
C1475,Individual,M,Mexico,Jalisco,79,Home,4,Yes,Agency,1579186.25,4,1287.055,2,C1 — Global Investors
C1476,Individual,M,Usa,Nevada,23,Home,1,No,Agency,1505369.42,4,1141.225,0,C1 — Global Investors
C1477,Company,F,Usa,California,55,Investment,1,No,Agency,1051466.92,4,920.7075,3,C3 — Corporate Buyers
C1478,Individual,F,Canada,British Columbia,65,Investment,1,No,Agency,965772.74,3,1082.8966666666668,1,C1 — Global Investors
C1479,Individual,M,Usa,California,55,Investment,1,No,Website,1275455.51,4,1018.5225,1,C1 — Global Investors
C1480,Individual,F,Usa,Virginia,38,Investment,3,No,Client,1466467.79,4,1220.42,0,C1 — Global Investors
C1481,Company,F,Usa,Arizona,39,Investment,3,No,Website,1059700.8800000001,4,901.245,3,C3 — Corporate Buyers
C1482,Individual,F,Usa,Oregon,70,Home,2,Yes,Website,1665015.1700000002,4,1312.8225,2,C1 — Global Investors
C1483,Individual,M,Usa,Colorado,48,Home,3,Yes,Agency,1831769.62,4,1486.3274999999999,2,C1 — Global Investors
C1484,Individual,F,Usa,Colorado,52,Home,3,No,Client,1117191.81,4,995.0275,1,C1 — Global Investors
C1485,Individual,F,Usa,Washington,39,Investment,4,No,Website,1604885.52,4,1350.2175,2,C1 — Global Investors
C1486,Individual,F,Uk,Wales,27,Home,5,Yes,Website,1019385.69,3,1156.5633333333333,0,C1 — Global Investors
C1487,Individual,F,Usa,New York,58,Home,3,No,Agency,1553533.51,4,1294.645,2,C1 — Global Investors
C1488,Individual,M,Usa,Florida,48,Investment,2,No,Website,1029238.79,3,1140.1866666666667,1,C1 — Global Investors
C1489,Individual,F,Usa,Arizona,72,Home,5,No,Agency,1056549.47,3,1240.6066666666666,0,C1 — Global Investors
C1490,Individual,M,Uk,Wales,29,Investment,5,Yes,Client,861119.76,3,939.3299999999999,1,C1 — Global Investors
C1491,Individual,F,Usa,Georgia,26,Home,4,No,Agency,1056750.03,4,901.245,1,C1 — Global Investors
C1492,Individual,F,Germany,Bavaria,39,Home,2,No,Agency,1309655.49,3,1579.3133333333335,1,C1 — Global Investors
C1493,Individual,M,Usa,Washington,31,Home,4,Yes,Agency,864605.61,3,1037.11,1,C1 — Global Investors
C1494,Individual,M,Usa,New York,27,Home,1,No,Client,913338.07,3,934.8733333333333,1,C1 — Global Investors
C1495,Individual,M,Denmark,Capital Region,32,Home,1,No,Website,2059292.68,4,1591.4724999999999,2,C1 — Global Investors
C1496,Individual,M,Usa,Florida,37,Home,5,No,Agency,1119013.6099999999,3,1151.5466666666669,0,C1 — Global Investors
C1497,Individual,M,Usa,California,83,Investment,4,No,Agency,794765.34,3,880.66,0,C1 — Global Investors
C1498,Individual,F,Mexico,Puebla,56,Investment,5,No,Website,1142631.83,4,889.8725000000001,1,C1 — Global Investors
C1499,Individual,F,Russia,Saint Petersburg,26,Home,3,Yes,Agency,1321905.54,3,1523.6933333333334,1,C1 — Global Investors
C1500,Individual,F,Australia,Victoria,28,Home,2,No,Agency,1020299.92,4,841.385,1,C1 — Global Investors
C1501,Individual,F,Usa,Oregon,72,Investment,4,No,Agency,761279.08,3,851.4266666666667,0,C1 — Global Investors
C1502,Individual,F,Uk,Wales,29,Home,5,Yes,Website,1045772.34,4,911.0425,1,C1 — Global Investors
C1503,Company,M,Usa,Arizona,37,Investment,5,No,Website,1299971.48,4,1050.5725,3,C3 — Corporate Buyers
C1504,Individual,M,Usa,California,77,Home,4,No,Website,871805.96,3,979.0866666666667,1,C1 — Global Investors
C1505,Individual,M,Usa,Virginia,29,Home,3,No,Agency,1012922.06,4,799.9225,0,C1 — Global Investors
C1506,Individual,M,Usa,Utah,73,Investment,3,No,Website,1010109.4,3,1155.4633333333334,0,C1 — Global Investors
C1507,Individual,F,Usa,Florida,72,Home,3,No,Agency,1499666.44,4,1220.915,2,C1 — Global Investors
C1508,Individual,M,Uk,Scotland,29,Home,3,No,Agency,965283.79,4,783.64,0,C1 — Global Investors
C1509,Individual,F,Usa,California,77,Home,3,No,Website,1821912.8699999999,4,1482.5875,2,C1 — Global Investors
C1510,Company,M,Usa,California,61,Home,5,No,Agency,804243.22,3,842.68,3,C3 — Corporate Buyers
C1511,Individual,F,France,Provence,34,Home,2,Yes,Website,1093080.8599999999,3,1152.6466666666668,0,C1 — Global Investors
C1512,Individual,F,Usa,Nevada,68,Home,4,Yes,Client,1209056.95,4,1046.42,0,C1 — Global Investors
C1513,Individual,F,Usa,Florida,28,Home,2,No,Website,1452266.37,3,1538.7766666666666,2,C1 — Global Investors
C1514,Individual,F,Usa,New York,37,Home,4,No,Website,1211908.53,3,1386.32,0,C1 — Global Investors
C1515,Individual,F,Usa,Nevada,77,Investment,5,No,Website,1433703.52,4,1227.17,0,C1 — Global Investors
C1516,Individual,F,Usa,Texas,70,Home,4,No,Website,690456.91,3,801.46,0,C1 — Global Investors
C1517,Individual,M,Usa,California,45,Investment,2,No,Agency,1328693.42,4,1076.59,0,C1 — Global Investors
C1518,Individual,F,Australia,Victoria,29,Home,5,Yes,Agency,961942.8799999999,4,886.4275,1,C1 — Global Investors
C1519,Individual,M,Usa,California,51,Home,1,No,Agency,1366990.1300000001,4,1072.9850000000001,1,C1 — Global Investors
C1520,Individual,M,Usa,Utah,78,Home,1,No,Website,1425469.02,4,1187.8925,2,C1 — Global Investors
C1521,Individual,M,Usa,Nevada,50,Home,4,No,Agency,913579.4099999999,3,1032.28,1,C1 — Global Investors
C1522,Individual,F,Usa,Washington,59,Home,5,No,Website,1598304.98,4,1378.985,2,C1 — Global Investors
C1523,Company,M,Australia,Victoria,42,Investment,3,No,Website,1652083.92,4,1334.8775,3,C3 — Corporate Buyers
C1524,Individual,M,Usa,Virginia,56,Home,2,No,Client,1434208.3,4,1164.0149999999999,0,C1 — Global Investors
C1525,Individual,M,Usa,California,64,Home,1,No,Agency,1336757.18,3,1511.63,1,C1 — Global Investors
C1526,Individual,F,Usa,California,67,Home,3,No,Website,1429330.15,3,1600.9133333333332,2,C1 — Global Investors
C1527,Individual,F,Usa,California,34,Home,1,No,Agency,993447.0599999999,3,1200.3500000000001,1,C1 — Global Investors
C1528,Individual,F,Germany,Hamburg,26,Home,1,Yes,Website,1058452.68,3,1125.17,0,C1 — Global Investors
C1529,Company,M,Usa,California,34,Home,4,No,Website,1614522.9000000001,4,1350.98,3,C3 — Corporate Buyers
C1530,Individual,F,Usa,California,35,Home,2,No,Website,1011087.75,3,1107.81,1,C1 — Global Investors
C1531,Individual,M,France,Brittany,59,Investment,2,No,Website,1272471.05,4,1065.415,0,C1 — Global Investors
C1532,Individual,F,Usa,Texas,25,Home,3,Yes,Website,1446462.79,4,1164.0149999999999,1,C1 — Global Investors
C1533,Individual,M,Canada,British Columbia,35,Home,4,No,Agency,1019127.09,4,727.265,0,C1 — Global Investors
C1534,Individual,F,Usa,California,27,Home,4,Yes,Website,1195359.88,3,1303.4733333333334,1,C1 — Global Investors
C1535,Individual,M,Uk,England,29,Investment,3,No,Agency,1967005.46,4,1591.4724999999999,2,C1 — Global Investors
C1536,Individual,F,Usa,Washington,41,Home,3,No,Website,1076884.84,3,1050.6433333333332,0,C1 — Global Investors
C1537,Individual,F,Usa,Arizona,24,Home,5,No,Website,1637300.4100000001,3,1579.3133333333335,2,C1 — Global Investors
C1538,Individual,F,Usa,California,76,Investment,5,No,Website,775544.78,3,941.38,0,C1 — Global Investors
C1539,Individual,M,Usa,Nevada,26,Home,1,No,Agency,811448.36,3,995.5099999999999,1,C1 — Global Investors
C1540,Individual,M,Usa,California,66,Home,2,Yes,Client,842510.7,3,908.2333333333332,1,C1 — Global Investors
C1541,Individual,M,Usa,California,59,Home,2,No,Website,1173616.46,4,995.0275,0,C1 — Global Investors
C1542,Individual,M,Usa,Nevada,34,Home,1,Yes,Website,1261648.92,3,1356.7466666666667,1,C1 — Global Investors
C1543,Individual,F,Usa,New York,68,Investment,3,No,Agency,1199490.31,3,1267.4066666666668,0,C1 — Global Investors
C1544,Individual,F,Russia,Tatarstan,76,Home,3,No,Website,1551623.3,3,1679.1066666666666,2,C1 — Global Investors
C1545,Individual,F,Usa,California,31,Investment,1,Yes,Website,1101811.15,3,1254.5033333333333,1,C1 — Global Investors
C1546,Individual,F,Mexico,Puebla,57,Home,4,Yes,Agency,1161022.51,4,874.9925000000001,0,C1 — Global Investors
C1547,Individual,F,Usa,Florida,48,Home,2,Yes,Agency,1199337.46,4,997.415,0,C1 — Global Investors
C1548,Company,M,Usa,California,56,Home,2,Yes,Website,615223.03,3,678.9699999999999,3,C3 — Corporate Buyers
C1549,Individual,M,Mexico,Nuevo Leon,62,Home,4,No,Client,837044.35,3,983.4266666666667,1,C1 — Global Investors
C1550,Individual,M,Usa,California,25,Home,2,No,Agency,1368767.79,4,1164.0149999999999,1,C1 — Global Investors
C1551,Individual,M,Usa,California,32,Home,2,No,Agency,1252240.69,3,1438.2933333333333,0,C1 — Global Investors
C1552,Individual,M,Usa,California,76,Investment,2,Yes,Agency,1356450.7000000002,4,1074.0525,0,C1 — Global Investors
C1553,Company,M,Usa,Utah,33,Home,4,No,Agency,979536.36,3,1038.7166666666667,3,C3 — Corporate Buyers
C1554,Individual,M,Germany,Bavaria,25,Home,1,No,Website,742034.24,3,678.9699999999999,1,C1 — Global Investors
C1555,Individual,F,Uk,England,77,Home,5,No,Website,1233852.38,4,1012.5575,1,C1 — Global Investors
C1556,Individual,F,Usa,Colorado,41,Investment,2,No,Agency,1215734.71,4,1020.3875,1,C1 — Global Investors
C1557,Individual,F,Usa,New York,81,Home,2,Yes,Website,955054.1799999999,3,1072.4833333333333,1,C1 — Global Investors
C1558,Individual,M,Mexico,Baja California,79,Home,4,No,Website,1482069.56,3,1680.5266666666666,2,C1 — Global Investors
C1559,Individual,F,Uk,England,48,Home,2,No,Website,1345808.87,3,1445.2933333333333,1,C1 — Global Investors
C1560,Individual,F,Usa,California,83,Home,4,Yes,Client,1052677.5699999998,3,1148.0433333333333,0,C1 — Global Investors
C1561,Individual,M,Mexico,Nuevo Leon,59,Investment,5,No,Agency,1135294.51,3,1193.7733333333333,1,C1 — Global Investors
C1562,Individual,F,Usa,California,36,Home,4,No,Client,1179775.32,3,1268.0466666666669,1,C1 — Global Investors
C1563,Individual,F,Usa,Utah,36,Home,5,No,Website,979729.05,3,1090.7733333333333,0,C1 — Global Investors
C1564,Individual,M,Usa,Washington,59,Investment,5,No,Website,1595925.43,3,1635.6233333333332,2,C1 — Global Investors
C1565,Individual,M,Mexico,Jalisco,43,Home,4,No,Agency,1140899.22,4,994.0725,0,C1 — Global Investors
C1566,Individual,M,Usa,California,28,Home,3,No,Website,1450240.65,4,1175.235,1,C1 — Global Investors
C1567,Individual,M,Usa,Georgia,46,Home,4,No,Client,1594452.6199999999,4,1276.9875,2,C1 — Global Investors
C1568,Individual,F,Usa,California,33,Home,5,No,Website,1373808.0899999999,3,1357.1933333333334,0,C1 — Global Investors
C1569,Individual,F,Usa,California,30,Investment,1,Yes,Website,1175242.5499999998,3,1258.29,1,C1 — Global Investors
C1570,Individual,F,Usa,Ohio,60,Home,5,No,Website,1469638.4,4,1333.5625,2,C1 — Global Investors
C1571,Individual,M,Usa,California,45,Home,2,No,Website,1243439.96,4,1092.085,1,C1 — Global Investors
C1572,Individual,M,Australia,Queensland,63,Home,3,No,Agency,886149.52,4,748.33,1,C1 — Global Investors
C1573,Individual,F,Usa,California,77,Home,1,No,Website,1175839.94,4,1059.9375,0,C1 — Global Investors
C1574,Individual,M,Usa,California,39,Home,4,No,Website,1195224.9,3,1255.6333333333334,1,C1 — Global Investors
C1575,Individual,M,Usa,California,23,Home,2,No,Website,1395067.1600000001,4,1158.7275,1,C1 — Global Investors
C1576,Individual,F,Usa,Nevada,46,Investment,3,Yes,Website,1359536.24,4,1098.1675,0,C1 — Global Investors
C1577,Individual,M,Germany,Bavaria,40,Home,3,No,Website,1427933.58,3,1471.8999999999999,2,C1 — Global Investors
C1578,Individual,M,Usa,California,27,Investment,2,No,Website,765431.01,3,934.8733333333333,1,C1 — Global Investors
C1579,Individual,M,Usa,Arizona,78,Investment,4,No,Website,1101753.5899999999,4,952.0525,0,C1 — Global Investors
C1580,Individual,M,Usa,Georgia,26,Investment,1,Yes,Website,1008834.66,4,872.2,0,C1 — Global Investors
C1581,Individual,M,Usa,California,73,Investment,1,No,Website,1123364.22,3,1023.9266666666666,0,C1 — Global Investors
C1582,Individual,M,France,Ile-De-France,68,Home,4,Yes,Client,1030269.01,3,1050.08,0,C1 — Global Investors
C1583,Individual,M,Usa,California,55,Home,2,No,Agency,1378030.61,4,1170.135,0,C1 — Global Investors
C1584,Company,M,France,Brittany,38,Investment,1,Yes,Website,1199226.44,3,1361.7433333333333,3,C3 — Corporate Buyers
C1585,Individual,M,Canada,Ontario,63,Home,5,No,Website,1480011.91,4,1276.8225,2,C1 — Global Investors
C1586,Individual,F,Germany,Berlin,56,Home,3,No,Website,1116579.83,3,1224.68,1,C1 — Global Investors
C1587,Individual,M,Canada,Quebec,80,Investment,4,Yes,Agency,743057.13,3,850.2466666666668,1,C1 — Global Investors
C1588,Individual,F,Usa,Utah,43,Investment,5,No,Website,957201.31,3,1104.51,1,C1 — Global Investors
C1589,Individual,F,Usa,California,70,Investment,4,No,Agency,1380536.7000000002,3,1396.87,0,C1 — Global Investors
C1590,Company,F,Usa,Oregon,44,Home,1,No,Website,1470403.6,4,1228.8325,3,C3 — Corporate Buyers
C1591,Individual,F,Usa,California,52,Investment,4,No,Website,1676312.98,4,1341.715,2,C1 — Global Investors
C1592,Individual,F,Usa,Texas,48,Investment,2,Yes,Agency,878452.1900000001,4,735.11,0,C1 — Global Investors
C1593,Individual,M,Usa,California,48,Home,1,No,Website,825960.49,4,666.135,1,C1 — Global Investors
C1594,Individual,F,Usa,Colorado,54,Home,2,No,Agency,1522994.53,4,1259.875,0,C1 — Global Investors
C1595,Individual,M,Usa,California,68,Home,5,No,Website,1310147.8599999999,4,1186.5225,1,C1 — Global Investors
C1596,Individual,M,Germany,Berlin,44,Investment,4,No,Website,1642954.44,3,1649.26,2,C1 — Global Investors
C1597,Individual,F,Usa,Nevada,74,Investment,4,Yes,Website,1155778.2,4,947.7475,1,C1 — Global Investors
C1598,Individual,F,Usa,Georgia,83,Home,4,Yes,Agency,1163931.67,3,1310.3966666666665,1,C1 — Global Investors
C1599,Individual,F,Usa,Virginia,43,Investment,5,Yes,Website,1321031.17,3,1337.1733333333334,1,C1 — Global Investors
C1600,Individual,F,Belgium,Wallonia,55,Home,5,No,Website,1237164.36,4,984.6475,1,C1 — Global Investors
C1601,Individual,F,Russia,Krasnodar Krai,27,Home,3,No,Website,829078.01,3,913.6700000000001,1,C1 — Global Investors
C1602,Individual,M,Usa,Nevada,37,Investment,4,No,Website,1676863.99,4,1425.28,2,C1 — Global Investors
C1603,Individual,F,Uk,England,61,Home,5,No,Website,1077719.71,4,976.2049999999999,0,C1 — Global Investors
C1604,Individual,M,Usa,Texas,74,Home,4,No,Website,1050264.24,3,1243.8233333333333,0,C1 — Global Investors
C1605,Individual,M,Uk,England,24,Investment,4,Yes,Website,1170783.34,4,874.9925000000001,0,C1 — Global Investors
C1606,Individual,M,Usa,Washington,58,Home,1,Yes,Agency,917562.71,3,1033.4833333333333,0,C1 — Global Investors
C1607,Individual,F,Usa,California,60,Home,3,No,Agency,829294.5700000001,3,927.6066666666666,1,C1 — Global Investors
C1608,Individual,F,Uk,England,24,Home,4,Yes,Website,1431381.65,3,1447.82,0,C1 — Global Investors
C1609,Individual,M,Usa,California,59,Investment,2,No,Website,804844.43,3,900.46,1,C1 — Global Investors
C1610,Individual,M,Usa,California,56,Investment,3,No,Website,1249167.74,4,1114.2125,0,C1 — Global Investors
C1611,Individual,F,Usa,Nevada,48,Investment,4,No,Website,1072189.52,4,842.75,1,C1 — Global Investors
C1612,Individual,M,Usa,California,33,Home,1,No,Agency,766554.56,3,839.1433333333334,1,C1 — Global Investors
C1613,Individual,M,Denmark,Southern Denmark,25,Home,2,Yes,Agency,1608368.22,4,1400.6975,2,C1 — Global Investors
C1614,Individual,F,Usa,Utah,55,Investment,4,No,Website,822155.05,3,1059.3466666666666,1,C1 — Global Investors
C1615,Individual,M,Usa,Utah,60,Home,5,No,Agency,857125.52,3,903.87,1,C1 — Global Investors
C1616,Individual,M,Uk,Wales,32,Investment,5,Yes,Website,1344053.71,4,1128.1275,1,C1 — Global Investors
C1617,Individual,F,Usa,California,71,Home,3,No,Website,776005.5,3,839.1433333333334,1,C1 — Global Investors
C1618,Individual,F,Usa,Washington,61,Home,2,Yes,Website,1356655.6800000002,4,1103.3025,0,C1 — Global Investors
C1619,Individual,M,Belgium,Wallonia,71,Home,2,No,Website,1390206.46,4,1164.0149999999999,0,C1 — Global Investors
C1620,Individual,M,Usa,California,79,Home,1,Yes,Website,788250.3500000001,3,979.0866666666667,0,C1 — Global Investors
C1621,Individual,M,Usa,Oregon,69,Investment,2,No,Agency,739739.97,3,973.09,1,C1 — Global Investors
C1622,Individual,F,Usa,Oregon,62,Home,1,Yes,Website,1054193.3599999999,3,1107.81,1,C1 — Global Investors
C1623,Individual,F,Usa,Oregon,29,Home,4,No,Website,1060233.46,3,1111.2966666666666,1,C1 — Global Investors
C1624,Individual,F,Usa,California,72,Home,4,Yes,Website,1943363.94,4,1602.67,2,C1 — Global Investors
C1625,Individual,M,Australia,Western Australia,23,Home,4,No,Agency,910587.85,3,1094.84,1,C1 — Global Investors
C1626,Individual,F,France,Provence,53,Home,2,Yes,Website,1225657.22,3,1464.8466666666666,1,C1 — Global Investors
C1627,Individual,M,Usa,California,50,Investment,1,No,Website,1275226.77,3,1527.8633333333335,1,C1 — Global Investors
C1628,Company,F,France,Normandy,30,Home,4,Yes,Website,800299.08,3,842.73,3,C3 — Corporate Buyers
C1629,Individual,F,Usa,Utah,67,Home,5,No,Agency,789150.05,3,1008.13,0,C1 — Global Investors
C1630,Company,F,Usa,Virginia,29,Investment,1,Yes,Website,1206881.92,3,1338.1466666666668,3,C3 — Corporate Buyers
C1631,Individual,F,Uk,Northern Ireland,57,Home,5,No,Website,1683720.2,4,1267.07,2,C1 — Global Investors
C1632,Individual,F,Usa,California,60,Investment,3,Yes,Agency,1425130.6800000002,4,1152.755,1,C1 — Global Investors
C1633,Individual,F,Canada,Ontario,46,Home,2,No,Website,847190.3300000001,3,976.8166666666666,0,C1 — Global Investors
C1634,Individual,F,Usa,Georgia,79,Investment,2,No,Website,1044217.01,4,872.2,1,C1 — Global Investors
C1635,Individual,M,France,Brittany,75,Home,1,No,Website,1104480.44,4,919.7425000000001,1,C1 — Global Investors
C1636,Company,F,Usa,Arizona,36,Home,5,Yes,Website,1171439.72,3,1308.5133333333333,3,C3 — Corporate Buyers
C1637,Individual,M,Mexico,Nuevo Leon,54,Home,5,No,Agency,1333020.46,3,1525.18,1,C1 — Global Investors
C1638,Individual,F,France,Occitanie,45,Investment,1,Yes,Agency,1047895.71,3,1175.6833333333334,0,C1 — Global Investors
C1639,Individual,M,Usa,Colorado,80,Home,1,No,Website,1088561.44,4,975.4225,1,C1 — Global Investors
C1640,Individual,F,Usa,California,57,Home,1,Yes,Website,1172146.65,4,1047.99,1,C1 — Global Investors
C1641,Individual,M,Usa,Utah,51,Home,1,No,Agency,1898878.08,4,1504.0974999999999,2,C1 — Global Investors
C1642,Individual,F,Canada,British Columbia,42,Home,5,No,Website,1441785.62,4,1167.1599999999999,0,C1 — Global Investors
C1643,Individual,M,France,Ile-De-France,45,Home,4,No,Agency,1182889.92,3,1468.6933333333334,1,C1 — Global Investors
C1644,Individual,F,Usa,California,79,Home,1,No,Client,1312822.17,4,1024.3375,1,C1 — Global Investors
C1645,Individual,F,Australia,New South Wales,28,Investment,1,No,Website,1503973.21,4,1238.115,0,C1 — Global Investors
C1646,Individual,M,Usa,Washington,25,Investment,4,Yes,Agency,972186.46,3,1052.4533333333334,1,C1 — Global Investors
C1647,Individual,M,Usa,Ohio,78,Home,4,Yes,Agency,1316368.95,3,1471.8999999999999,1,C1 — Global Investors
C1648,Individual,F,Australia,New South Wales,74,Home,3,No,Website,1282946.7,3,1476.9433333333334,0,C1 — Global Investors
C1649,Individual,F,Usa,Oregon,41,Home,4,Yes,Agency,1540887.81,4,1254.045,0,C1 — Global Investors
C1650,Individual,M,Usa,Washington,54,Investment,2,No,Website,1065238.5,3,1057.95,0,C1 — Global Investors
C1651,Individual,M,Usa,California,78,Investment,4,No,Website,962066.4199999999,3,880.66,1,C1 — Global Investors
C1652,Individual,M,Usa,Nevada,59,Investment,4,Yes,Client,1078933.8,3,1168.3833333333334,0,C1 — Global Investors
C1653,Individual,F,Usa,Colorado,49,Investment,4,Yes,Website,957106.48,4,860.9325,1,C1 — Global Investors
C1654,Individual,F,Usa,California,55,Home,1,No,Website,1250065.3800000001,4,951.6375,0,C1 — Global Investors
C1655,Individual,F,Usa,Texas,58,Investment,2,No,Website,974749.8,3,1088.5866666666668,0,C1 — Global Investors
C1656,Individual,M,Belgium,Wallonia,32,Investment,4,Yes,Website,1401657.84,4,1182.3725,0,C1 — Global Investors
C1657,Individual,M,Usa,California,65,Home,2,No,Website,1316624.69,4,1023.9675,0,C1 — Global Investors
C1658,Individual,M,Usa,California,53,Home,5,No,Agency,1243178.6,4,984.12,1,C1 — Global Investors
C1659,Individual,M,Denmark,Zealand,77,Home,4,No,Website,1576416.87,4,1307.3,2,C1 — Global Investors
C1660,Individual,M,Usa,Nevada,83,Home,4,Yes,Website,1330046.48,4,1068.57,1,C1 — Global Investors
C1661,Individual,M,Usa,Washington,48,Home,4,No,Agency,1511063.27,3,1599.3433333333332,2,C1 — Global Investors
C1662,Individual,M,Russia,Tatarstan,56,Home,4,No,Website,1505862.74,4,1320.35,2,C1 — Global Investors
C1663,Individual,M,Usa,Colorado,46,Investment,3,No,Agency,926064.21,3,1042.71,0,C1 — Global Investors
C1664,Individual,F,France,Occitanie,54,Investment,5,No,Agency,1390001.73,3,1445.2933333333333,0,C1 — Global Investors
C1665,Individual,M,Usa,Arizona,28,Home,5,No,Website,966971.19,4,827.2,1,C1 — Global Investors
C1666,Individual,F,Usa,Ohio,61,Home,2,No,Website,706503.5900000001,3,736.0433333333334,1,C1 — Global Investors
C1667,Individual,F,Usa,California,56,Investment,4,No,Agency,831811.52,3,862.11,1,C1 — Global Investors
C1668,Individual,M,Australia,Victoria,66,Home,5,No,Website,1046863.21,4,872.2,1,C1 — Global Investors
C1669,Individual,M,Canada,Alberta,63,Investment,3,Yes,Agency,948271.3400000001,4,837.5225,0,C1 — Global Investors
C1670,Individual,F,Usa,Colorado,53,Home,3,Yes,Website,1356021.03,4,1076.59,0,C1 — Global Investors
C1671,Individual,F,Usa,California,75,Home,3,No,Agency,1329236.75,4,1120.62,0,C1 — Global Investors
C1672,Individual,F,Usa,Nevada,49,Investment,4,No,Website,728363.1699999999,3,889.9166666666666,1,C1 — Global Investors
C1673,Individual,F,Usa,Washington,31,Home,1,Yes,Website,1803634.76,4,1422.9925,2,C1 — Global Investors
C1674,Individual,F,Usa,California,82,Home,5,Yes,Website,1614623.53,4,1268.7075,2,C1 — Global Investors
C1675,Individual,F,Canada,Alberta,38,Investment,5,No,Website,918037.6799999999,3,1012.96,1,C1 — Global Investors
C1676,Individual,F,Usa,Washington,24,Home,2,No,Website,1251637.0,4,1019.1225,1,C1 — Global Investors
C1677,Individual,M,Usa,Texas,59,Home,1,Yes,Website,942915.1799999999,3,975.9433333333333,1,C1 — Global Investors
C1678,Individual,M,Usa,California,62,Home,1,Yes,Agency,1377654.29,3,1650.4733333333334,2,C1 — Global Investors
C1679,Individual,F,Usa,Nevada,37,Investment,4,No,Website,1194618.9,3,1268.0466666666669,0,C1 — Global Investors
C1680,Individual,F,Usa,California,24,Investment,4,No,Agency,665078.77,3,692.13,1,C1 — Global Investors
C1681,Individual,M,Usa,Oregon,62,Home,3,Yes,Client,1408304.94,4,1156.7625,0,C1 — Global Investors
C1682,Individual,F,Usa,Nevada,36,Home,2,No,Website,1469905.41,4,1257.0925,2,C1 — Global Investors
C1683,Individual,F,Usa,Oregon,24,Investment,1,No,Client,1410114.6,4,1144.74,0,C1 — Global Investors
C1684,Individual,F,Usa,Colorado,46,Investment,4,No,Website,1109440.17,4,883.4825000000001,1,C1 — Global Investors
C1685,Individual,F,Usa,California,46,Home,5,No,Agency,1109623.75,3,1274.52,1,C1 — Global Investors
C1686,Individual,M,Usa,California,46,Investment,2,Yes,Agency,1214377.82,4,1073.905,0,C1 — Global Investors
C1687,Individual,M,Usa,California,56,Home,4,Yes,Website,1026117.62,4,935.37,0,C1 — Global Investors
C1688,Individual,F,Usa,Oregon,27,Home,5,No,Client,1314384.27,3,1281.9566666666667,1,C1 — Global Investors
C1689,Individual,F,Usa,Oregon,38,Investment,1,Yes,Client,896100.8,3,973.09,0,C1 — Global Investors
C1690,Individual,M,Denmark,North Denmark,72,Home,2,Yes,Agency,1662639.06,3,1754.9366666666667,2,C1 — Global Investors
C1691,Individual,M,Usa,Arizona,77,Home,5,No,Website,1212731.6,4,984.9525,1,C1 — Global Investors
C1692,Individual,M,Canada,Ontario,32,Home,5,Yes,Agency,1165619.9100000001,4,984.9525,1,C1 — Global Investors
C1693,Individual,M,Belgium,Flanders,33,Home,1,No,Website,1557035.08,4,1342.1525000000001,2,C1 — Global Investors
C1694,Individual,F,Usa,Virginia,66,Home,5,No,Agency,1457395.73,4,1202.695,2,C1 — Global Investors
C1695,Individual,F,Belgium,Flanders,68,Home,5,No,Website,975866.19,3,1111.2966666666666,1,C1 — Global Investors
C1696,Individual,F,Usa,Florida,36,Home,1,No,Website,1316025.35,4,1092.085,1,C1 — Global Investors
C1697,Individual,F,Belgium,Brussels,43,Home,2,No,Client,802813.26,4,700.7825,1,C1 — Global Investors
C1698,Individual,M,Uk,Northern Ireland,73,Home,4,Yes,Website,764529.97,3,901.6266666666667,1,C1 — Global Investors
C1699,Individual,M,Australia,Western Australia,54,Home,3,Yes,Agency,1161971.24,4,946.6524999999999,0,C1 — Global Investors
C1700,Individual,M,Usa,Nevada,80,Home,3,No,Website,1293648.37,4,1050.5725,0,C1 — Global Investors
C1701,Individual,F,Usa,Arizona,41,Home,1,No,Website,916043.72,3,979.0866666666667,0,C1 — Global Investors
C1702,Individual,M,Usa,Washington,33,Investment,5,Yes,Website,1259181.49,3,1477.03,0,C1 — Global Investors
C1703,Individual,M,Usa,Texas,24,Investment,4,No,Agency,868665.77,3,980.8699999999999,1,C1 — Global Investors
C1704,Individual,F,Denmark,Capital Region,60,Home,4,No,Agency,1131490.6400000001,3,1251.25,0,C1 — Global Investors
C1705,Individual,M,Usa,Virginia,44,Investment,3,Yes,Website,1031987.6799999999,3,1049.3066666666666,1,C1 — Global Investors
C1706,Individual,M,Usa,California,47,Home,3,Yes,Website,1417221.48,4,1128.9675,1,C1 — Global Investors
C1707,Individual,M,Usa,Georgia,50,Home,1,Yes,Website,770609.62,3,899.7566666666667,1,C1 — Global Investors
C1708,Individual,F,Germany,Hesse,37,Home,1,Yes,Agency,854426.52,3,897.3100000000001,1,C1 — Global Investors
C1709,Individual,F,Usa,Arizona,77,Investment,3,No,Agency,1336416.1600000001,3,1513.17,1,C1 — Global Investors
C1710,Individual,M,Canada,Alberta,66,Investment,2,Yes,Website,1027918.12,3,1156.0800000000002,0,C1 — Global Investors
C1711,Individual,F,Usa,California,42,Investment,3,Yes,Website,1015613.11,4,836.9425,0,C1 — Global Investors
C1712,Individual,M,France,Occitanie,52,Home,5,No,Website,1280242.15,4,1102.08,0,C1 — Global Investors
C1713,Individual,F,Usa,Oregon,42,Home,1,No,Website,1401670.4500000002,4,1186.5225,1,C1 — Global Investors
C1714,Individual,M,Usa,Colorado,75,Home,3,No,Website,1054289.58,4,823.6625,0,C1 — Global Investors
C1715,Individual,F,Usa,Florida,60,Home,3,Yes,Agency,987214.1799999999,4,900.39,0,C1 — Global Investors
C1716,Individual,F,Usa,California,43,Home,1,No,Website,1027286.48,3,1129.1766666666665,1,C1 — Global Investors
C1717,Individual,F,Usa,California,82,Home,4,Yes,Website,915606.0700000001,3,980.8699999999999,1,C1 — Global Investors
C1718,Individual,F,Usa,California,28,Home,1,No,Website,1362121.47,4,1150.74,1,C1 — Global Investors
C1719,Company,M,Usa,Florida,63,Home,2,No,Agency,1178759.88,3,1263.8633333333335,3,C3 — Corporate Buyers
C1720,Individual,F,Usa,California,27,Home,5,Yes,Website,1396671.77,4,1122.0925,1,C1 — Global Investors
C1721,Individual,M,Usa,Nevada,37,Home,2,No,Agency,1282729.71,4,1034.0675,1,C1 — Global Investors
C1722,Individual,F,Usa,Nevada,41,Home,3,No,Website,1676365.72,4,1307.3,2,C1 — Global Investors
C1723,Individual,F,Canada,Quebec,25,Home,2,Yes,Agency,1084602.42,4,900.39,1,C1 — Global Investors
C1724,Individual,M,Usa,Virginia,67,Home,4,No,Website,1646338.3599999999,4,1358.9675,2,C1 — Global Investors
C1725,Individual,F,Usa,Nevada,64,Home,3,Yes,Website,1352500.23,4,1167.3975,1,C1 — Global Investors
C1726,Individual,F,Uk,Northern Ireland,75,Home,3,No,Website,1141107.24,3,1193.7733333333333,0,C1 — Global Investors
C1727,Individual,F,Usa,New York,78,Home,3,No,Website,1563834.42,4,1210.7375,2,C1 — Global Investors
C1728,Individual,F,Usa,Oregon,79,Home,3,Yes,Client,1436312.58,4,1225.2649999999999,2,C1 — Global Investors
C1729,Individual,M,Canada,British Columbia,68,Home,3,Yes,Website,956356.54,3,1090.7733333333333,1,C1 — Global Investors
C1730,Individual,M,Mexico,Puebla,44,Investment,5,Yes,Agency,796432.48,3,922.6899999999999,0,C1 — Global Investors
C1731,Individual,M,Usa,California,52,Home,4,Yes,Website,1172220.1099999999,4,966.56,0,C1 — Global Investors
C1732,Individual,F,Canada,Alberta,53,Investment,2,No,Agency,1551003.8399999999,3,1654.4733333333334,2,C1 — Global Investors
C1733,Individual,F,Usa,California,75,Home,3,Yes,Agency,1179975.09,4,1009.9325,0,C1 — Global Investors
C1734,Individual,M,Usa,California,48,Home,5,No,Website,1078504.94,3,1254.5033333333333,1,C1 — Global Investors
C1735,Individual,F,Usa,Utah,54,Investment,3,No,Website,1139995.98,3,1258.3999999999999,1,C1 — Global Investors
C1736,Individual,F,Usa,California,34,Investment,4,Yes,Website,1482243.88,4,1122.0925,1,C1 — Global Investors
C1737,Individual,F,Usa,California,31,Investment,3,No,Website,1060946.57,3,1090.7733333333333,1,C1 — Global Investors
C1738,Individual,F,Usa,California,46,Home,5,No,Website,861195.69,3,1016.7633333333333,1,C1 — Global Investors
C1739,Individual,M,Russia,Novosibirsk,38,Investment,3,Yes,Website,998344.48,4,872.2,1,C1 — Global Investors
C1740,Individual,F,Usa,California,72,Home,5,Yes,Website,1439013.3399999999,4,1164.015,2,C1 — Global Investors
C1741,Individual,M,Usa,Virginia,47,Home,5,No,Website,1310713.04,4,1140.38,0,C1 — Global Investors
C1742,Company,F,Usa,California,35,Home,5,No,Agency,1177856.21,3,1431.79,3,C3 — Corporate Buyers
C1743,Individual,F,Belgium,Flanders,77,Home,1,No,Client,839069.28,3,881.7833333333333,1,C1 — Global Investors
C1744,Individual,M,Russia,Krasnodar Krai,62,Investment,1,No,Website,1320002.42,4,1092.085,1,C1 — Global Investors
C1745,Individual,F,Usa,California,47,Home,1,No,Website,1261495.5,3,1487.6599999999999,1,C1 — Global Investors
C1746,Individual,F,Belgium,Flanders,64,Home,3,No,Website,793835.85,3,874.19,1,C1 — Global Investors
C1747,Individual,M,Usa,Colorado,58,Home,5,No,Client,1016661.44,3,1059.1499999999999,0,C1 — Global Investors
C1748,Individual,M,Usa,California,73,Home,4,Yes,Website,1112272.46,3,1274.52,0,C1 — Global Investors
C1749,Individual,M,Usa,California,67,Home,3,No,Website,832665.62,3,862.1066666666666,1,C1 — Global Investors
C1750,Company,M,Usa,Colorado,32,Home,3,No,Website,1497163.73,4,1150.2,3,C3 — Corporate Buyers
C1751,Individual,F,Usa,Ohio,68,Home,5,No,Website,873120.47,4,700.7825,0,C1 — Global Investors
C1752,Individual,M,Usa,California,43,Investment,1,Yes,Website,1119600.47,3,1152.5966666666666,1,C1 — Global Investors
C1753,Individual,M,Usa,Georgia,78,Investment,3,Yes,Website,770077.48,3,964.2666666666668,1,C1 — Global Investors
C1754,Individual,M,Usa,Virginia,28,Home,2,Yes,Website,1361555.24,3,1471.8999999999999,1,C1 — Global Investors
C1755,Individual,M,Usa,Nevada,25,Home,1,Yes,Website,672116.9199999999,3,776.2433333333333,1,C1 — Global Investors
C1756,Individual,M,Usa,Utah,33,Home,1,No,Website,1481404.3900000001,4,1146.0149999999999,0,C1 — Global Investors
C1757,Individual,M,Germany,Bavaria,38,Home,3,No,Client,1125366.62,3,1182.08,1,C1 — Global Investors
C1758,Individual,M,Usa,Oregon,38,Investment,4,Yes,Agency,1006481.1799999999,4,801.065,0,C1 — Global Investors
C1759,Individual,M,Usa,California,49,Investment,1,No,Website,1031917.22,4,831.47,1,C1 — Global Investors
C1760,Individual,F,Belgium,Brussels,48,Home,2,No,Website,1454358.32,4,1265.3825,0,C1 — Global Investors
C1761,Individual,M,Usa,Washington,68,Home,1,No,Website,1181772.43,4,972.335,1,C1 — Global Investors
C1762,Individual,M,Usa,Virginia,59,Home,1,No,Website,1023352.22,3,1090.9466666666667,1,C1 — Global Investors
C1763,Individual,F,Usa,New York,69,Home,3,No,Website,1789381.67,4,1374.585,2,C1 — Global Investors
C1764,Individual,F,Usa,Nevada,77,Home,2,No,Agency,1668335.18,4,1338.8999999999999,2,C1 — Global Investors
C1765,Individual,F,Usa,Colorado,26,Home,1,Yes,Client,1734167.51,4,1577.2325,2,C1 — Global Investors
C1766,Individual,F,Usa,California,30,Home,4,No,Website,1371247.08,4,1071.3925,1,C1 — Global Investors
C1767,Individual,M,Usa,Colorado,45,Home,3,No,Website,1455838.9100000001,4,1123.3175,0,C1 — Global Investors
C1768,Individual,F,Russia,Saint Petersburg,80,Home,4,No,Website,985105.21,4,834.6575,1,C1 — Global Investors
C1769,Company,M,Usa,Oregon,38,Home,1,Yes,Client,985909.0,3,1101.55,3,C3 — Corporate Buyers
C1770,Individual,F,Usa,Washington,78,Home,1,Yes,Agency,1334771.42,3,1469.18,1,C1 — Global Investors
C1771,Company,M,Usa,Georgia,48,Home,3,Yes,Client,1280895.97,3,1435.6633333333332,3,C3 — Corporate Buyers
C1772,Company,F,Canada,Alberta,48,Investment,5,Yes,Agency,1105281.92,4,1015.8675,3,C3 — Corporate Buyers
C1773,Individual,M,Usa,Nevada,43,Investment,3,Yes,Agency,1284141.19,4,984.6475,0,C1 — Global Investors
C1774,Individual,M,Usa,Oregon,39,Home,4,No,Agency,1169335.49,4,1008.6625,1,C1 — Global Investors
C1775,Individual,F,Usa,California,53,Home,3,No,Agency,1414776.99,4,1102.9724999999999,1,C1 — Global Investors
C1776,Individual,F,France,Occitanie,50,Home,1,No,Website,1071718.4,3,1196.1733333333334,1,C1 — Global Investors
C1777,Individual,M,Usa,California,49,Investment,5,No,Client,784629.95,3,900.46,1,C1 — Global Investors
C1778,Individual,M,Usa,Georgia,29,Investment,4,Yes,Website,1216664.8199999998,3,1339.73,1,C1 — Global Investors
C1779,Individual,F,Usa,California,44,Home,5,No,Client,1563236.5499999998,4,1287.1,2,C1 — Global Investors
C1780,Individual,M,Usa,Utah,67,Investment,1,No,Website,1735557.1500000001,4,1341.715,2,C1 — Global Investors
C1781,Individual,F,Usa,California,55,Home,4,No,Website,1383316.42,4,1164.0149999999999,1,C1 — Global Investors
C1782,Individual,F,Uk,England,24,Investment,1,No,Website,897646.55,4,783.64,1,C1 — Global Investors
C1783,Individual,M,Usa,California,69,Home,3,No,Website,1136482.92,4,883.805,0,C1 — Global Investors
C1784,Individual,M,Australia,Western Australia,25,Home,3,No,Client,1352274.53,4,1106.8725,1,C1 — Global Investors
C1785,Individual,F,Usa,Colorado,67,Home,1,Yes,Website,1006568.23,3,1156.5633333333333,0,C1 — Global Investors
C1786,Individual,M,Usa,California,28,Home,1,No,Website,1247095.22,4,1102.2725,0,C1 — Global Investors
C1787,Individual,M,Usa,Georgia,68,Investment,5,No,Agency,1289585.42,4,1029.38,0,C1 — Global Investors
C1788,Individual,M,Usa,California,34,Home,3,No,Website,1116876.81,3,1155.6966666666667,1,C1 — Global Investors
C1789,Individual,M,Usa,Colorado,41,Home,5,Yes,Agency,1359605.1,3,1526.9566666666667,0,C1 — Global Investors
C1790,Individual,M,Usa,Nevada,83,Investment,5,No,Client,1335521.08,4,1159.9675,1,C1 — Global Investors
C1791,Individual,M,Usa,California,57,Home,5,No,Agency,894512.8,3,1050.08,1,C1 — Global Investors
C1792,Individual,M,Usa,California,28,Home,3,No,Agency,1948563.24,4,1676.3825,2,C1 — Global Investors
C1793,Individual,M,Usa,Utah,54,Investment,1,No,Website,1317525.03,4,1102.08,1,C1 — Global Investors
C1794,Individual,M,Usa,Colorado,28,Home,3,No,Website,1378476.06,4,1137.5875,1,C1 — Global Investors
C1795,Individual,M,Usa,California,78,Home,5,Yes,Website,1058019.94,4,827.2,0,C1 — Global Investors
C1796,Individual,F,Usa,California,73,Investment,5,Yes,Client,1158919.94,3,1286.4833333333333,1,C1 — Global Investors
C1797,Individual,F,Usa,Oregon,66,Home,3,Yes,Website,910545.9199999999,3,1033.6200000000001,1,C1 — Global Investors
C1798,Individual,M,Usa,Arizona,57,Investment,1,Yes,Website,1601121.79,4,1263.96,2,C1 — Global Investors
C1799,Individual,F,Usa,Colorado,73,Home,5,No,Agency,1022792.49,4,823.6625,1,C1 — Global Investors
C1800,Individual,M,Usa,Oregon,79,Home,1,No,Client,1120963.1,3,1301.6499999999999,0,C1 — Global Investors
C1801,Individual,M,Usa,California,59,Home,5,Yes,Website,1473065.73,3,1422.97,2,C1 — Global Investors
C1802,Individual,M,Usa,Nevada,75,Investment,1,No,Client,1155979.49,4,1011.5875,1,C1 — Global Investors
C1803,Individual,F,Canada,Quebec,36,Investment,5,No,Agency,1329728.19,3,1443.9800000000002,0,C1 — Global Investors
C1804,Individual,M,Usa,California,34,Home,1,No,Website,1735376.55,4,1504.0974999999999,2,C1 — Global Investors
C1805,Individual,M,Uk,Northern Ireland,70,Investment,3,No,Website,1871670.17,4,1699.3675,2,C1 — Global Investors
C1806,Individual,F,Australia,New South Wales,56,Investment,2,No,Agency,974821.86,3,1049.3066666666666,1,C1 — Global Investors
C1807,Individual,F,France,Brittany,66,Home,5,No,Website,1520931.78,3,1469.18,2,C1 — Global Investors
C1808,Individual,F,Usa,Washington,33,Investment,2,No,Client,1102931.4500000002,4,989.46,1,C1 — Global Investors
C1809,Individual,F,Usa,New York,42,Home,4,Yes,Agency,1221253.05,4,1104.2925,1,C1 — Global Investors
C1810,Individual,F,Usa,Texas,78,Home,3,No,Agency,991862.87,3,1138.4233333333334,1,C1 — Global Investors
C1811,Individual,F,Usa,California,65,Home,3,Yes,Agency,1189519.9,4,1029.73,1,C1 — Global Investors
C1812,Individual,M,France,Provence,46,Home,5,Yes,Website,1080880.0,4,955.7624999999999,0,C1 — Global Investors
C1813,Individual,M,Germany,Hamburg,76,Investment,3,Yes,Website,1552316.39,4,1294.645,2,C1 — Global Investors
C1814,Individual,M,Denmark,North Denmark,36,Home,2,No,Website,1303261.99,4,1153.0825,1,C1 — Global Investors
C1815,Individual,M,Usa,California,74,Home,5,No,Agency,1182628.3,4,942.035,0,C1 — Global Investors
C1816,Individual,M,Canada,Quebec,61,Home,2,No,Website,1078876.87,4,909.9825,1,C1 — Global Investors
C1817,Individual,F,Usa,Virginia,79,Home,1,No,Agency,1240667.65,3,1412.0199999999998,1,C1 — Global Investors
C1818,Individual,F,Usa,Washington,29,Investment,5,Yes,Website,814797.06,3,851.4266666666667,1,C1 — Global Investors
C1819,Individual,M,Russia,Krasnodar Krai,60,Home,1,No,Website,1067644.33,3,1339.7466666666667,1,C1 — Global Investors
C1820,Individual,M,France,Provence,44,Home,3,No,Website,970434.94,4,840.8725,1,C1 — Global Investors
C1821,Individual,M,Usa,Nevada,79,Home,5,No,Website,1733692.6199999999,4,1244.8049999999998,2,C1 — Global Investors
C1822,Individual,M,Usa,Oregon,27,Investment,5,Yes,Website,1388147.75,4,1184.81,1,C1 — Global Investors
C1823,Individual,M,Usa,Oregon,56,Home,4,Yes,Website,993925.86,3,994.8266666666667,0,C1 — Global Investors
C1824,Individual,M,Usa,California,61,Home,3,No,Website,945036.97,4,857.7574999999999,0,C1 — Global Investors
C1825,Individual,M,Mexico,Nuevo Leon,67,Home,2,No,Agency,948769.9299999999,4,802.7125,1,C1 — Global Investors
C1826,Individual,M,Usa,Ohio,72,Home,4,No,Client,1300035.21,4,1159.5325,0,C1 — Global Investors
C1827,Individual,M,Usa,New York,50,Home,5,Yes,Website,1221529.77,4,988.7175,0,C1 — Global Investors
C1828,Individual,M,Usa,California,32,Investment,2,Yes,Website,1199213.25,4,1114.2125,0,C1 — Global Investors
C1829,Individual,F,Usa,California,26,Home,5,Yes,Agency,1194095.83,3,1394.21,0,C1 — Global Investors
C1830,Individual,F,Usa,Arizona,64,Home,3,No,Website,1363309.64,3,1487.6599999999999,2,C1 — Global Investors
C1831,Individual,F,Russia,Tatarstan,73,Home,3,No,Website,1004720.27,4,972.335,1,C1 — Global Investors
C1832,Individual,M,Usa,Oregon,36,Investment,1,Yes,Website,1282390.94,4,1103.3225,1,C1 — Global Investors
C1833,Individual,F,Usa,Arizona,75,Investment,1,Yes,Website,1132086.83,3,1357.1933333333334,1,C1 — Global Investors
C1834,Individual,M,Belgium,Flanders,60,Investment,5,No,Agency,1222274.5999999999,4,948.835,0,C1 — Global Investors
C1835,Individual,F,Canada,Alberta,64,Investment,4,Yes,Agency,739211.6,3,849.7466666666668,1,C1 — Global Investors
C1836,Individual,F,Usa,California,63,Investment,1,Yes,Website,1213775.31,4,958.755,0,C1 — Global Investors
C1837,Individual,F,Usa,California,73,Home,2,Yes,Client,1507583.69,4,1333.2775,2,C1 — Global Investors
C1838,Individual,F,Canada,Alberta,58,Investment,1,No,Agency,1266344.58,4,1030.83,0,C1 — Global Investors
C1839,Individual,M,Usa,California,80,Investment,2,No,Agency,967894.54,4,821.355,1,C1 — Global Investors
C1840,Individual,M,Uk,England,37,Investment,3,No,Website,911506.03,3,1064.7333333333333,0,C1 — Global Investors
C1841,Individual,M,Usa,New York,76,Home,4,No,Website,1612088.13,4,1374.585,2,C1 — Global Investors
C1842,Company,M,Canada,Alberta,45,Home,3,Yes,Agency,1252827.37,3,1407.5133333333333,3,C3 — Corporate Buyers
C1843,Individual,M,Germany,Hesse,71,Home,4,No,Website,1487849.65,4,1218.84,2,C1 — Global Investors
C1844,Individual,F,Usa,Ohio,45,Home,1,No,Agency,1033138.51,4,837.88,0,C1 — Global Investors
C1845,Individual,M,Usa,California,74,Investment,1,Yes,Website,889124.6799999999,3,972.0533333333333,1,C1 — Global Investors
C1846,Individual,F,Russia,Novosibirsk,38,Home,5,Yes,Agency,886017.55,3,980.8699999999999,1,C1 — Global Investors
C1847,Individual,M,Usa,Utah,71,Home,4,No,Website,1080850.85,4,859.7125,1,C1 — Global Investors
C1848,Individual,F,Usa,California,30,Home,2,No,Website,1595352.82,4,1295.0974999999999,2,C1 — Global Investors
C1849,Individual,M,Canada,Alberta,47,Investment,3,Yes,Website,1019239.08,3,1016.7633333333333,0,C1 — Global Investors
C1850,Individual,M,Usa,New York,52,Investment,5,Yes,Agency,1380990.75,4,1176.685,1,C1 — Global Investors
C1851,Individual,F,Uk,England,69,Home,3,Yes,Agency,1552543.97,4,1153.5575,0,C1 — Global Investors
C1852,Individual,F,Usa,Virginia,26,Home,4,No,Website,1674072.07,3,1733.68,2,C1 — Global Investors
C1853,Individual,F,Usa,Virginia,74,Investment,4,No,Website,1207329.15,4,1012.5575,1,C1 — Global Investors
C1854,Company,M,France,Ile-De-France,63,Investment,1,No,Client,1387997.02,4,1104.2925,3,C3 — Corporate Buyers
C1855,Individual,F,Usa,California,39,Home,2,Yes,Website,1117305.8599999999,4,874.6275,1,C1 — Global Investors
C1856,Company,M,Usa,Virginia,29,Home,2,No,Website,1216231.4300000002,3,1334.1000000000001,3,C3 — Corporate Buyers
C1857,Individual,M,Usa,California,36,Investment,2,Yes,Website,919814.94,3,932.37,0,C1 — Global Investors
C1858,Individual,F,Usa,Colorado,65,Home,5,No,Website,1161958.29,3,1267.5866666666668,1,C1 — Global Investors
C1859,Individual,M,Usa,California,80,Home,5,Yes,Client,1087561.59,4,862.28,0,C1 — Global Investors
C1860,Company,F,Usa,California,53,Home,4,Yes,Agency,1661197.49,4,1338.8999999999999,3,C3 — Corporate Buyers
C1861,Individual,M,Usa,California,41,Investment,3,Yes,Website,1475178.95,4,1239.9025000000001,1,C1 — Global Investors
C1862,Individual,M,Usa,California,70,Home,1,Yes,Website,988771.17,3,1076.69,1,C1 — Global Investors
C1863,Individual,F,Uk,Scotland,75,Home,3,No,Website,1281313.02,4,1039.19,1,C1 — Global Investors
C1864,Individual,F,Usa,New York,51,Home,5,Yes,Website,1131730.6,4,1027.325,0,C1 — Global Investors
C1865,Individual,M,Usa,Arizona,49,Investment,4,No,Website,1092253.24,3,1196.1733333333334,0,C1 — Global Investors
C1866,Individual,F,Usa,Nevada,52,Home,2,No,Agency,1620195.43,4,1380.26,2,C1 — Global Investors
C1867,Individual,M,Usa,California,71,Home,2,Yes,Website,761781.8,3,791.0400000000001,0,C1 — Global Investors
C1868,Individual,F,Uk,Wales,48,Home,1,No,Website,1469394.43,4,1198.3725,0,C1 — Global Investors
C1869,Individual,F,Mexico,Nuevo Leon,48,Home,5,No,Client,1335399.36,4,1132.7375,0,C1 — Global Investors
C1870,Individual,M,Usa,Washington,43,Investment,1,No,Agency,680865.94,3,842.68,0,C1 — Global Investors
C1871,Individual,F,Usa,Texas,62,Home,1,Yes,Website,1096466.77,4,1000.415,0,C1 — Global Investors
C1872,Individual,M,Mexico,Mexico City,83,Home,5,No,Client,1284121.27,3,1452.2633333333333,1,C1 — Global Investors
C1873,Individual,F,Canada,British Columbia,64,Home,5,No,Agency,841611.53,4,727.265,0,C1 — Global Investors
C1874,Individual,M,Usa,Colorado,51,Investment,1,No,Agency,1058361.99,3,1125.17,1,C1 — Global Investors
C1875,Individual,F,Usa,Nevada,80,Home,2,No,Client,1220153.8599999999,3,1339.73,0,C1 — Global Investors
C1876,Company,M,Usa,Ohio,42,Investment,4,Yes,Website,1543986.34,3,1523.6933333333334,3,C3 — Corporate Buyers
C1877,Individual,M,Usa,Arizona,62,Home,5,No,Agency,905899.79,3,1008.13,0,C1 — Global Investors
C1878,Individual,M,Usa,Washington,56,Home,5,No,Agency,958603.36,3,1097.4366666666667,1,C1 — Global Investors
C1879,Individual,F,Usa,New York,46,Home,3,No,Website,1536294.68,3,1504.28,2,C1 — Global Investors
C1880,Individual,F,Usa,California,25,Home,5,Yes,Client,1319939.53,4,1053.27,1,C1 — Global Investors
C1881,Individual,F,Usa,Oregon,34,Home,2,Yes,Website,972731.0900000001,3,1127.1499999999999,0,C1 — Global Investors
C1882,Individual,F,Usa,Virginia,63,Investment,3,No,Website,884144.1,3,934.4333333333334,1,C1 — Global Investors
C1883,Individual,M,Usa,California,82,Home,1,No,Agency,1877399.3199999998,4,1489.11,2,C1 — Global Investors
C1884,Individual,M,Usa,Nevada,69,Home,5,Yes,Website,930994.2100000001,3,997.4133333333333,1,C1 — Global Investors
C1885,Individual,M,Germany,Hamburg,56,Home,1,Yes,Agency,1740983.97,4,1564.0774999999999,2,C1 — Global Investors
C1886,Individual,F,Usa,California,24,Home,5,No,Website,774293.9299999999,3,842.68,1,C1 — Global Investors
C1887,Individual,F,Usa,Oregon,37,Investment,1,No,Agency,822999.76,3,941.2099999999999,1,C1 — Global Investors
C1888,Individual,M,Usa,California,61,Home,3,No,Website,981962.01,4,820.9224999999999,1,C1 — Global Investors
C1889,Individual,M,Usa,California,36,Home,4,Yes,Website,1193609.3,3,1205.9633333333334,0,C1 — Global Investors
C1890,Individual,M,Canada,Ontario,69,Home,4,No,Client,1209659.27,4,1042.1725000000001,0,C1 — Global Investors
C1891,Individual,M,Usa,Oregon,51,Home,2,No,Agency,1466482.7999999998,4,1244.8049999999998,0,C1 — Global Investors
C1892,Individual,F,Usa,Nevada,72,Investment,5,Yes,Agency,978638.94,3,1033.4833333333333,1,C1 — Global Investors
C1893,Individual,F,Usa,Washington,61,Home,1,Yes,Website,1458732.84,4,1146.0149999999999,0,C1 — Global Investors
C1894,Individual,F,Usa,Texas,79,Investment,4,No,Website,1284918.37,4,1027.81,0,C1 — Global Investors
C1895,Company,M,Usa,Nevada,54,Investment,4,No,Agency,1170571.86,3,1308.5133333333333,3,C3 — Corporate Buyers
C1896,Individual,M,Usa,Virginia,68,Investment,3,No,Agency,1158311.0,3,1139.1533333333334,1,C1 — Global Investors
C1897,Individual,F,Canada,Ontario,73,Home,2,No,Website,1108918.3399999999,4,941.61,1,C1 — Global Investors
C1898,Individual,M,Usa,New York,44,Home,1,Yes,Website,1159717.54,4,951.8199999999999,0,C1 — Global Investors
C1899,Individual,M,Uk,England,27,Home,3,No,Website,1001627.28,3,1221.3833333333334,1,C1 — Global Investors
C1900,Individual,F,Uk,England,25,Investment,4,No,Client,1185889.79,4,1210.7375000000002,0,C1 — Global Investors
C1901,Individual,M,Canada,British Columbia,41,Home,4,No,Agency,1357680.7,4,1151.37,0,C1 — Global Investors
C1902,Company,M,Usa,Colorado,43,Investment,2,No,Agency,1127600.93,4,885.395,3,C3 — Corporate Buyers
C1903,Individual,F,Usa,Nevada,32,Home,2,No,Website,1453139.0699999998,4,1192.72,1,C1 — Global Investors
C1904,Individual,M,Usa,Texas,74,Home,2,Yes,Website,1337265.67,4,1073.7375,1,C1 — Global Investors
C1905,Individual,M,Usa,Virginia,62,Home,1,No,Website,1180529.35,3,1354.2933333333333,0,C1 — Global Investors
C1906,Individual,F,Usa,California,68,Home,2,No,Agency,1487182.67,4,1158.6325,0,C1 — Global Investors
C1907,Individual,M,Usa,Colorado,73,Home,3,No,Website,1751481.1500000001,4,1349.2,2,C1 — Global Investors
C1908,Individual,F,Usa,California,47,Home,2,No,Website,1543714.5,4,1324.385,2,C1 — Global Investors
C1909,Individual,F,Usa,California,38,Investment,2,No,Agency,1238663.76,3,1313.16,0,C1 — Global Investors
C1910,Company,M,Usa,California,38,Home,2,Yes,Agency,816793.9099999999,4,735.11,3,C3 — Corporate Buyers
C1911,Individual,M,Usa,California,34,Home,5,No,Agency,1195691.95,3,1268.0466666666669,1,C1 — Global Investors
C1912,Individual,F,Usa,Utah,69,Investment,1,No,Website,863871.21,3,952.0733333333334,0,C1 — Global Investors
C1913,Individual,M,France,Provence,43,Home,5,No,Website,1210353.53,4,972.245,1,C1 — Global Investors
C1914,Individual,F,Uk,Scotland,30,Home,4,Yes,Website,1553786.78,3,1584.7333333333333,2,C1 — Global Investors
C1915,Individual,F,Usa,Arizona,59,Investment,4,No,Client,1015184.58,3,1076.6899999999998,0,C1 — Global Investors
C1916,Individual,M,Usa,California,75,Investment,2,No,Website,1257058.52,3,1303.7766666666666,1,C1 — Global Investors
C1917,Individual,F,Australia,New South Wales,52,Home,2,No,Client,1007433.23,4,820.9224999999999,1,C1 — Global Investors
C1918,Individual,F,Usa,California,83,Home,1,No,Client,1019401.51,4,765.6675,0,C1 — Global Investors
C1919,Company,F,Usa,Nevada,55,Investment,1,No,Website,1083015.76,4,929.2725,3,C3 — Corporate Buyers
C1920,Individual,M,Germany,North Rhine-Westphalia,54,Home,5,No,Agency,1523588.92,4,1278.045,2,C1 — Global Investors
C1921,Individual,F,France,Provence,67,Home,5,No,Website,980793.6799999999,3,1089.46,0,C1 — Global Investors
C1922,Individual,F,Usa,California,35,Home,1,No,Agency,1549836.17,3,1592.1233333333332,2,C1 — Global Investors
C1923,Individual,F,Mexico,Jalisco,76,Investment,1,Yes,Client,1302917.16,4,1140.38,0,C1 — Global Investors
C1924,Individual,M,Usa,California,65,Home,3,No,Client,1453954.37,4,1253.3075,2,C1 — Global Investors
C1925,Individual,M,Usa,Colorado,81,Home,2,No,Agency,1165252.94,4,1093.05,0,C1 — Global Investors
C1926,Individual,M,Mexico,Puebla,26,Home,1,Yes,Website,1238034.03,4,1014.73,0,C1 — Global Investors
C1927,Individual,F,Usa,California,71,Investment,1,Yes,Website,1325474.94,4,1280.6875,1,C1 — Global Investors
C1928,Individual,M,Australia,New South Wales,25,Home,4,Yes,Client,741930.22,3,736.0433333333334,1,C1 — Global Investors
C1929,Individual,F,Mexico,Jalisco,82,Home,1,Yes,Agency,1329874.96,4,1127.175,1,C1 — Global Investors
C1930,Individual,F,Usa,Colorado,57,Investment,3,No,Agency,1184992.23,4,990.9875000000001,1,C1 — Global Investors
C1931,Individual,F,Usa,Utah,28,Home,5,Yes,Website,1323884.1099999999,4,1047.99,1,C1 — Global Investors
C1932,Individual,F,Usa,California,61,Investment,2,No,Website,1713149.19,4,1342.1525000000001,2,C1 — Global Investors
C1933,Company,F,Australia,Queensland,29,Home,1,No,Client,822428.05,3,851.87,3,C3 — Corporate Buyers
C1934,Individual,M,France,Ile-De-France,45,Investment,4,Yes,Client,1719384.46,4,1422.9925,2,C1 — Global Investors
C1935,Individual,F,Usa,Arizona,40,Home,5,No,Website,1205890.37,3,1357.1933333333334,0,C1 — Global Investors
C1936,Individual,M,Russia,Krasnodar Krai,39,Home,1,Yes,Agency,965899.1000000001,3,992.2199999999999,1,C1 — Global Investors
C1937,Individual,F,Usa,Arizona,62,Home,3,Yes,Website,1707838.06,4,1419.32,2,C1 — Global Investors
C1938,Individual,M,Canada,Quebec,50,Home,4,Yes,Website,1154671.2,3,1205.9633333333334,0,C1 — Global Investors
C1939,Individual,F,Usa,Florida,44,Investment,1,Yes,Agency,674304.95,3,839.1433333333334,1,C1 — Global Investors
C1940,Individual,F,Canada,Manitoba,26,Home,4,No,Agency,1403901.1400000001,4,1216.595,1,C1 — Global Investors
C1941,Individual,F,Usa,Nevada,80,Home,5,No,Client,1368615.25,4,1140.38,1,C1 — Global Investors
C1942,Company,F,Usa,Nevada,39,Home,2,Yes,Agency,1133984.52,3,1313.16,3,C3 — Corporate Buyers
C1943,Individual,M,Usa,Arizona,50,Home,1,No,Website,967521.23,3,1042.71,1,C1 — Global Investors
C1944,Individual,M,Usa,California,37,Investment,1,No,Website,1971083.9300000002,4,1602.67,2,C1 — Global Investors
C1945,Individual,M,Mexico,Mexico City,56,Investment,3,No,Website,1112541.88,4,939.4875,1,C1 — Global Investors
C1946,Individual,M,Usa,California,68,Home,1,No,Agency,1056227.37,3,1111.25,0,C1 — Global Investors
C1947,Individual,M,Usa,Nevada,44,Home,3,No,Website,1247905.56,3,1328.47,1,C1 — Global Investors
C1948,Individual,F,Usa,Arizona,68,Home,2,No,Agency,1530233.0,3,1527.8633333333335,2,C1 — Global Investors
C1949,Individual,F,Usa,Colorado,68,Home,2,Yes,Agency,1020270.72,3,1274.52,1,C1 — Global Investors
C1950,Individual,M,Usa,Ohio,48,Home,4,No,Agency,1033306.43,4,933.355,1,C1 — Global Investors
C1951,Individual,M,Usa,Utah,27,Home,1,Yes,Website,1128864.17,4,972.335,0,C1 — Global Investors
C1952,Company,M,Usa,Nevada,31,Home,3,No,Agency,1235262.65,3,1451.5366666666669,3,C3 — Corporate Buyers
C1953,Individual,M,Germany,Bavaria,51,Home,1,Yes,Website,1199064.43,4,946.6525,0,C1 — Global Investors
C1954,Individual,F,Australia,Western Australia,57,Investment,3,No,Website,809731.0700000001,3,899.9899999999999,1,C1 — Global Investors
C1955,Individual,M,Canada,Quebec,25,Home,1,No,Website,1707150.06,4,1380.26,2,C1 — Global Investors
C1956,Individual,F,Usa,Oregon,56,Home,2,No,Agency,1224023.79,4,920.7075,0,C1 — Global Investors
C1957,Individual,M,Usa,California,61,Home,4,Yes,Website,1318838.26,4,1150.2,0,C1 — Global Investors
C1958,Individual,F,Usa,California,53,Home,3,No,Website,1567012.19,4,1287.0549999999998,2,C1 — Global Investors
C1959,Individual,F,Usa,Texas,81,Home,1,No,Website,626084.02,3,753.3133333333334,1,C1 — Global Investors
C1960,Individual,F,Usa,Colorado,36,Home,2,Yes,Website,1196488.96,3,1350.4933333333333,1,C1 — Global Investors
C1961,Individual,M,Usa,California,29,Home,5,No,Agency,1289265.38,4,1138.4975,1,C1 — Global Investors
C1962,Individual,F,Mexico,Puebla,28,Home,5,No,Agency,971475.24,3,1108.1033333333332,1,C1 — Global Investors
C1963,Company,M,Usa,Texas,55,Home,5,No,Website,983925.13,3,1090.7733333333333,3,C3 — Corporate Buyers
C1964,Individual,M,Usa,Virginia,51,Home,5,No,Agency,1149434.67,3,1359.24,0,C1 — Global Investors
C1965,Individual,M,Usa,California,26,Home,4,No,Agency,1489053.39,3,1579.3133333333335,2,C1 — Global Investors
C1966,Individual,M,Canada,British Columbia,59,Home,1,No,Agency,1210176.2,4,1111.6475,0,C1 — Global Investors
C1967,Individual,M,Usa,Oregon,66,Investment,4,No,Agency,747143.37,3,859.2633333333333,1,C1 — Global Investors
C1968,Individual,F,Usa,California,65,Investment,3,Yes,Client,987718.99,3,1072.7266666666667,1,C1 — Global Investors
C1969,Individual,M,Usa,Colorado,30,Investment,2,Yes,Agency,1030940.4299999999,4,854.58,0,C1 — Global Investors
C1970,Individual,M,Usa,Arizona,45,Investment,4,Yes,Website,1346312.7000000002,3,1361.7433333333333,0,C1 — Global Investors
C1971,Individual,F,Usa,Virginia,47,Home,5,No,Website,673422.3200000001,3,775.5666666666666,1,C1 — Global Investors
C1972,Individual,F,Usa,California,51,Home,4,Yes,Website,943260.84,3,1077.3333333333333,0,C1 — Global Investors
C1973,Company,M,Usa,Washington,30,Home,4,Yes,Agency,1450499.68,4,1214.7825,3,C3 — Corporate Buyers
C1974,Individual,M,Usa,Nevada,73,Home,5,Yes,Agency,968686.8500000001,4,809.6575,0,C1 — Global Investors
C1975,Individual,F,Belgium,Wallonia,48,Home,4,No,Agency,985031.21,3,1023.8800000000001,0,C1 — Global Investors
C1976,Individual,M,Usa,Florida,28,Home,5,No,Client,1146120.65,4,1030.29,1,C1 — Global Investors
C1977,Individual,M,Usa,Virginia,29,Home,1,No,Website,2001430.4300000002,4,1577.2325,2,C1 — Global Investors
C1978,Company,F,Usa,California,56,Investment,5,Yes,Website,1205900.67,3,1290.0866666666668,3,C3 — Corporate Buyers
C1979,Individual,M,Usa,Colorado,81,Home,3,Yes,Agency,1287568.79,4,1014.73,0,C1 — Global Investors
C1980,Individual,F,Usa,Texas,67,Investment,4,No,Website,1579565.09,4,1228.8325,2,C1 — Global Investors
C1981,Individual,F,Canada,Quebec,31,Home,5,No,Agency,1440160.68,4,1245.935,0,C1 — Global Investors
C1982,Individual,M,Usa,California,76,Home,4,Yes,Website,1545398.56,3,1669.3466666666666,2,C1 — Global Investors
C1983,Individual,M,Uk,Northern Ireland,62,Home,3,No,Website,1317304.52,4,1070.475,0,C1 — Global Investors
C1984,Individual,M,Usa,California,67,Home,4,No,Website,846287.21,3,994.52,1,C1 — Global Investors
C1985,Individual,M,Uk,Scotland,60,Home,1,Yes,Agency,1149379.8599999999,4,1014.73,0,C1 — Global Investors
C1986,Individual,M,Usa,New York,46,Investment,1,No,Website,1442798.93,4,1153.5575,1,C1 — Global Investors
C1987,Individual,M,Belgium,Wallonia,37,Investment,5,No,Website,1316082.96,4,1104.1725,0,C1 — Global Investors
C1988,Individual,M,Usa,California,29,Home,5,Yes,Website,1301018.95,4,972.245,1,C1 — Global Investors
C1989,Individual,M,Usa,Texas,64,Home,3,No,Agency,1380788.8599999999,4,1135.325,0,C1 — Global Investors
C1990,Individual,M,Usa,Texas,47,Investment,5,No,Agency,1253745.81,3,1303.4733333333334,1,C1 — Global Investors
C1991,Individual,F,Usa,California,73,Home,3,No,Website,1134341.88,4,900.39,0,C1 — Global Investors
C1992,Individual,F,Usa,Texas,80,Home,3,Yes,Website,1266058.76,3,1445.08,0,C1 — Global Investors
C1993,Individual,M,Usa,New York,38,Home,2,No,Website,1385369.38,3,1454.4099999999999,0,C1 — Global Investors
C1994,Individual,F,Usa,Oregon,29,Investment,3,Yes,Website,1257875.21,3,1454.4099999999999,1,C1 — Global Investors
C1995,Individual,F,Usa,California,30,Investment,4,No,Agency,1044043.64,4,905.7525,0,C1 — Global Investors
C1996,Individual,F,Usa,Nevada,31,Home,1,Yes,Website,1151831.48,4,1027.325,1,C1 — Global Investors
C1997,Individual,M,Usa,Arizona,81,Home,4,Yes,Website,1101825.4,4,910.42,0,C1 — Global Investors
C1998,Individual,M,Usa,Virginia,60,Home,5,Yes,Website,1023688.56,3,1140.3999999999999,1,C1 — Global Investors
C1999,Individual,M,Usa,Ohio,79,Home,4,Yes,Client,838587.38,3,919.0466666666666,1,C1 — Global Investors
C2000,Individual,F,Usa,Georgia,27,Home,1,Yes,Agency,913528.5,3,1033.4833333333333,1,C1 — Global Investors
